stat_id,Jewish Orthodox,Jewish Non-Orthodox,Muslim,Christian,Druze,Other,pop_thou
261,0.015,0.985,0,0,0,0,2.6
281,0.009,0.991,0,0,0,0,8.9
311,0.015,0.985,0,0,0,0,4.4
312,0.01,0.99,0,0,0,0,3.1
313,0.02,0.98,0,0,0,0,3.3
314,0.137,0.863,0,0,0,0,2.7
316,0.448,0.552,0,0,0,0,6.1
317,0.037,0.963,0,0,0,0,4.5
411,0.012,0.988,0,0,0,0,2.9
461,0.157,0.843,0,0,0,0,3.4
531,0.002,0.998,0,0,0,0,5
951,0,0,0,0,0,1,1.2
991,0.053,0.947,0,0,0,0,4.8
1661,0.019,0.981,0,0,0,0,4.6
1663,0.014,0.986,0,0,0,0,5.3
1681,0.014,0.986,0,0,0,0,6.2
1683,0.004,0.996,0,0,0,0,6.6
1711,0.006,0.994,0,0,0,0,5.5
1821,0.005,0.995,0,0,0,0,10
1953,0.006,0.994,0,0,0,0,2.6
1954,0.006,0.994,0,0,0,0,5.6
1955,0.035,0.965,0,0,0,0,2.6
2291,0.077,0.923,0,0,0,0,4.4
2292,0.004,0.996,0,0,0,0,3.4
2293,0.015,0.985,0,0,0,0,4.7
2401,0.019,0.981,0,0,0,0,2.1
2404,0.011,0.989,0,0,0,0,5.4
2406,0.006,0.994,0,0,0,0,4.8
2461,0.091,0.909,0,0,0,0,2.2
2462,0.079,0.921,0,0,0,0,5
2464,0.137,0.863,0,0,0,0,3.8
2465,0.724,0.276,0,0,0,0,3.6
2466,0.245,0.755,0,0,0,0,3.6
2467,0.101,0.899,0,0,0,0,5
2468,0.014,0.986,0,0,0,0,2.8
2761,0.005,0.995,0,0,0,0,2.7
4661,0.005,0.995,0,0,0,0,6.6
4692,0.007,0.993,0,0,0,0,4.3
4693,0.008,0.992,0,0,0,0,3
4721,0,0,1,0,0,0,5.8
4731,0,0,0,0,1,0,3.9
4732,0,0,1,0,0,0,3.8
4733,0,0,1,0,0,0,4.5
4751,0,0,1,0,0,0,0.6
4781,0,0,1,0,0,0,4.3
4782,0,0,1,0,0,0,4.6
4783,0,0,1,0,0,0,3.1
4801,0,0,0,0,1,0,4.8
4802,0,0,0,0,1,0,3.6
4803,0,0,0,0,1,0,2
4811,0,0,0,0,1,0,6.7
4812,0,0,0,0,1,0,2.6
4813,0,0,0,0,1,0,2.2
4814,0,0,0,1,0,0,5.1
4815,0,0,0,0,1,0,3
4821,0,0,1,0,0,0,7.8
4851,0,0,0,0,1,0,5.6
4871,0,0,0,1,0,0,2.9
4891,0,0,1,0,0,0,8.9
4921,0,0,1,0,0,0,8.7
4941,0,0,0,0,1,0,2.3
4942,0,0,0,0,1,0,1.8
4943,0,0,0,0,1,0,3
4944,0,0,0,0,1,0,2.4
4945,0,0,0,0,1,0,4.6
4946,0,0,0,0,1,0,3.4
4947,0,0,0,0,1,0,2.7
4948,0,0,0,0,1,0,1.5
4949,0,0,0,0,1,0,3.9
4961,0,0,0,0,1,0,5.4
4971,0,0,1,0,0,0,1.5
4981,0,0,1,0,0,0,3.7
4982,0,0,1,0,0,0,4.1
4983,0,0,1,0,0,0,4
4991,0,0,1,0,0,0,4.2
4992,0,0,1,0,0,0,2.6
4993,0,0,1,0,0,0,2.4
4994,0,0,1,0,0,0,2.7
4995,0,0,1,0,0,0,4.2
5021,0,0,0,0,1,0,4
5022,0,0,0,0,1,0,5.3
5023,0,0,0,0,1,0,5.2
5041,0,0,1,0,0,0,11.9
5051,0,0,1,0,0,0,2.7
5071,0,0,0,1,0,0,8.6
5081,0,0,1,0,0,0,2.9
5091,0,0,1,0,0,0,3.3
5092,0,0,1,0,0,0,4.1
5093,0,0,1,0,0,0,3.1
5094,0,0,1,0,0,0,3.3
5095,0,0,1,0,0,0,4.6
5101,0,0,1,0,0,0,4
5102,0,0,1,0,0,0,7.1
5103,0,0,1,0,0,0,2.2
5104,0,0,1,0,0,0,2.6
5111,0,0,1,0,0,0,6.7
5121,0,0,1,0,0,0,2.4
5141,0,0,1,0,0,0,0.9
5161,0,0,1,0,0,0,2.7
5162,0,0,1,0,0,0,5.2
5163,0,0,1,0,0,0,2.7
5164,0,0,1,0,0,0,6.8
5165,0,0,1,0,0,0,2.6
5166,0,0,1,0,0,0,3.4
5167,0,0,1,0,0,0,4
5168,0,0,1,0,0,0,2.7
5171,0,0,1,0,0,0,3.4
5181,0,0,0,1,0,0,2.8
5201,0,0,1,0,0,0,6.9
5211,0,0,1,0,0,0,2.2
5221,0,0,1,0,0,0,3.5
5222,0,0,1,0,0,0,2.1
5223,0,0,1,0,0,0,2.8
5224,0,0,1,0,0,0,2.1
5231,0,0,1,0,0,0,1.6
5241,0,0,1,0,0,0,1.8
5251,0,0,0,0,1,0,3.7
5261,0,0,1,0,0,0,2.1
5281,0,0,1,0,0,0,2.6
5291,0,0,1,0,0,0,4.2
5292,0,0,0,1,0,0,3.5
5293,0,0,1,0,0,0,3.6
5301,0,0,0,1,0,0,4.8
5311,0,0,1,0,0,0,4.6
5312,0,0,1,0,0,0,4
5313,0,0,1,0,0,0,3.6
5314,0,0,1,0,0,0,4.4
5315,0,0,1,0,0,0,4.1
5321,0,0,1,0,0,0,2.8
5322,0,0,1,0,0,0,4.6
5323,0,0,1,0,0,0,3.6
5351,0,0,0,1,0,0,2.9
5361,0,0,0,0,1,0,5.4
5371,0,0,1,0,0,0,3.1
5372,0,0,1,0,0,0,5.3
5373,0,0,1,0,0,0,2.5
5381,0,0,1,0,0,0,5.8
5391,0,0,1,0,0,0,1
5401,0,0,1,0,0,0,1.1
5411,0,0,1,0,0,0,4.3
5412,0,0,1,0,0,0,4.5
5413,0,0,1,0,0,0,3.2
5421,0,0,1,0,0,0,2.9
5422,0,0,1,0,0,0,3.3
5423,0,0,1,0,0,0,4.8
5424,0,0,1,0,0,0,6
5431,0,0,0,1,0,0,7.2
5461,0,0,0,0,1,0,0.8
5471,0,0,1,0,0,0,1.3
5651,0,1,0,0,0,0,3.2
5771,0.721,0.279,0,0,0,0,2.3
6271,0,0,1,0,0,0,8.4
6331,0,0,1,0,0,0,2.8
6341,0,0,1,0,0,0,3.5
6342,0,0,1,0,0,0,8
6343,0,0,1,0,0,0,5.9
6344,0,0,1,0,0,0,1
6351,0,0,1,0,0,0,3.1
6361,0,0,1,0,0,0,1.4
6371,0,0,1,0,0,0,10.5
6372,0,0,1,0,0,0,3
6373,0,0,1,0,0,0,3.5
6374,0,0,1,0,0,0,4.7
6381,0,0,1,0,0,0,3.4
6382,0,0,1,0,0,0,4.9
6383,0,0,1,0,0,0,4.9
6384,0,0,1,0,0,0,5
6491,0,0,1,0,0,0,1.7
6521,0,0,1,0,0,0,2.4
6541,0,0,1,0,0,0,3.3
6542,0,0,1,0,0,0,5.3
6543,0,0,1,0,0,0,3.4
6544,0,0,1,0,0,0,3.1
6581,0,0,1,0,0,0,2.4
6811,0.029,0.971,0,0,0,0,2.5
6812,0.038,0.962,0,0,0,0,4.7
6813,0.028,0.972,0,0,0,0,3.7
6814,0.155,0.845,0,0,0,0,7.9
6961,0.75,0.25,0,0,0,0,4.7
7091,0.696,0.304,0,0,0,0,2.5
8311,0.147,0.853,0,0,0,0,8.1
8741,0.103,0.897,0,0,0,0,4
8743,0.132,0.868,0,0,0,0,4
8745,0.04,0.96,0,0,0,0,3.4
8746,0.018,0.982,0,0,0,0,5.6
8747,0.008,0.992,0,0,0,0,1.8
8749,0.016,0.984,0,0,0,0,2
9131,0,0,1,0,0,0,4.9
9221,0.548,0.452,0,0,0,0,9
9441,0,0,1,0,0,0,6.7
9621,0,0,1,0,0,0,5.6
9751,0,0,1,0,0,0,6.2
9781,0,0,1,0,0,0,4.3
9901,0,0,1,0,0,0,0.5
9931,0,0,1,0,0,0,1.2
9941,0,0,1,0,0,0,1
9971,0,0,1,0,0,0,1.6
9981,0,0,1,0,0,0,7.4
10152,0.031,0.969,0,0,0,0,5.7
10155,0.009,0.991,0,0,0,0,4
10156,0.006,0.994,0,0,0,0,3.5
10202,0.006,0.994,0,0,0,0,3.7
10203,0.022,0.978,0,0,0,0,4.9
10204,0.016,0.984,0,0,0,0,2.4
10313,0.012,0.988,0,0,0,0,3.1
10314,0.007,0.993,0,0,0,0,3.8
10315,0.038,0.962,0,0,0,0,2.9
10316,0.054,0.946,0,0,0,0,4.3
10342,0.028,0.972,0,0,0,0,3.7
10343,0.043,0.957,0,0,0,0,3
10345,0.158,0.842,0,0,0,0,3.7
10346,0.028,0.972,0,0,0,0,4.9
10541,0,0,1,0,0,0,5.1
10542,0,0,1,0,0,0,2.6
10543,0,0,1,0,0,0,7
10591,0,0,1,0,0,0,16.2
10601,0,0,1,0,0,0,9.2
10631,0.016,0.984,0,0,0,0,3.6
10633,0.007,0.993,0,0,0,0,4.2
10634,0.075,0.925,0,0,0,0,5.1
10635,0.006,0.994,0,0,0,0,4.5
10636,0,0,0,1,0,0,3.2
10981,0.196,0.804,0,0,0,0,2.1
11131,0.002,0.998,0,0,0,0,5.5
11371,0.457,0.543,0,0,0,0,2.4
11611,0,0,1,0,0,0,4.1
11612,0,0,1,0,0,0,4
11613,0,0,1,0,0,0,6.2
11614,0,0,1,0,0,0,6.9
11615,0,0,1,0,0,0,3.1
11616,0,0,1,0,0,0,3.4
11617,0,0,1,0,0,0,5.8
11618,0,0,1,0,0,0,3.5
11619,0,0,1,0,0,0,4.4
11921,0,0,1,0,0,0,3.5
11922,0,0,1,0,0,0,4
11923,0,0,1,0,0,0,4.1
12241,0.007,0.993,0,0,0,0,2.6
12242,0.014,0.986,0,0,0,0,1.6
12243,0.008,0.992,0,0,0,0,2.2
12451,0,0,1,0,0,0,2.6
12461,0,0,1,0,0,0,1.3
12471,0.051,0.949,0,0,0,0,3.3
12861,0,0,1,0,0,0,7
12901,0,0,1,0,0,0,5.6
12921,0,0,1,0,0,0,5.1
12922,0,0,1,0,0,0,3.3
12923,0,0,1,0,0,0,5.2
12924,0,0,1,0,0,0,4.4
12931,0.01,0.99,0,0,0,0,2
12951,0,0,0,0,1,0,5.6
12961,0,0,0,0,1,0,7.2
13031,0,0,1,0,0,0,16
13042,0.004,0.996,0,0,0,0,5.1
13043,0.026,0.974,0,0,0,0,4.4
13044,0.004,0.996,0,0,0,0,4.2
13091,0.457,0.543,0,0,0,0,5.8
13092,0.358,0.642,0,0,0,0,5.8
13093,0.466,0.534,0,0,0,0,5.1
13094,0.902,0.098,0,0,0,0,5.5
13095,0.59,0.41,0,0,0,0,4.8
13097,0.739,0.261,0,0,0,0,6.9
13101,0.023,0.977,0,0,0,0,2.5
13191,0.008,0.992,0,0,0,0,5.2
13261,0,0,1,0,0,0,7.6
13271,0,0,1,0,0,0,1.6
13272,0,0,1,0,0,0,4
13273,0,0,1,0,0,0,3.1
13274,0,0,1,0,0,0,3.9
13311,0,0,1,0,0,0,1.2
13321,0,0,1,0,0,0,0.5
13331,0.503,0.497,0,0,0,0,2.1
13351,0,0,1,0,0,0,0.6
20241,0,0,1,0,0,0,0.9
20341,0.094,0.906,0,0,0,0,8.6
21005,0.006,0.994,0,0,0,0,4.5
21007,0.007,0.993,0,0,0,0,2.6
22002,0.027,0.973,0,0,0,0,3.2
22004,0.012,0.988,0,0,0,0,2.9
22005,0.007,0.993,0,0,0,0,3
22006,0.011,0.989,0,0,0,0,5.1
22009,0.006,0.994,0,0,0,0,4.5
23001,0.012,0.988,0,0,0,0,5.9
23003,0.005,0.995,0,0,0,0,4.6
24001,0.033,0.967,0,0,0,0,3
24002,0.016,0.984,0,0,0,0,2.6
24003,0.022,0.978,0,0,0,0,2.7
24008,0.076,0.924,0,0,0,0,1.9
25002,0.031,0.969,0,0,0,0,3.1
25003,0.006,0.994,0,0,0,0,3.2
25004,0.007,0.993,0,0,0,0,3.2
25006,0.009,0.991,0,0,0,0,4.1
25301,0.007,0.993,0,0,0,0,9.7
25501,0.014,0.986,0,0,0,0,2.7
25503,0.027,0.973,0,0,0,0,3.4
25504,0.009,0.991,0,0,0,0,9.3
25601,0.09,0.91,0,0,0,0,4.8
25602,0.026,0.974,0,0,0,0,3.6
25603,0.007,0.993,0,0,0,0,5
25605,0.016,0.984,0,0,0,0,4.9
25606,0.008,0.992,0,0,0,0,5.1
26201,0.011,0.989,0,0,0,0,5.6
26202,0.013,0.987,0,0,0,0,4.2
26402,0.067,0.933,0,0,0,0,4.6
26403,0.049,0.951,0,0,0,0,3.6
26404,0.058,0.942,0,0,0,0,4.3
26405,0.025,0.975,0,0,0,0,3.2
26406,0.028,0.972,0,0,0,0,3.1
26407,0.017,0.983,0,0,0,0,4
26409,0.008,0.992,0,0,0,0,2.8
26604,0.023,0.977,0,0,0,0,4.4
26605,0.014,0.986,0,0,0,0,4.5
26606,0.04,0.96,0,0,0,0,5
26607,0.025,0.975,0,0,0,0,4.4
27201,0,0,1,0,0,0,3
27202,0,0,1,0,0,0,1.7
27203,0,0,1,0,0,0,2.8
27204,0,0,1,0,0,0,8.1
27205,0,0,1,0,0,0,2.9
27208,0,0,1,0,0,0,3.8
27301,0,0,1,0,0,0,6.4
27302,0,0,1,0,0,0,5.4
27303,0,0,1,0,0,0,2.6
27304,0,0,1,0,0,0,2.7
27305,0,0,1,0,0,0,4.2
27307,0,0,1,0,0,0,5.1
28002,0.006,0.994,0,0,0,0,4.4
28003,0.016,0.984,0,0,0,0,3.5
28004,0.029,0.971,0,0,0,0,4.1
28005,0.026,0.974,0,0,0,0,2.2
28006,0.025,0.975,0,0,0,0,2.9
28008,0.016,0.984,0,0,0,0,3.6
35571,0.253,0.747,0,0,0,0,3.7
35601,0.194,0.806,0,0,0,0,3.4
35701,0.008,0.992,0,0,0,0,2.3
35702,0.024,0.976,0,0,0,0,2.9
35703,0.004,0.996,0,0,0,0,4.1
35704,0.022,0.978,0,0,0,0,4.1
35705,0.035,0.965,0,0,0,0,4.1
35741,0.691,0.309,0,0,0,0,5.3
36041,0.54,0.46,0,0,0,0,2.9
36111,0.377,0.623,0,0,0,0,6.5
36162,0.016,0.984,0,0,0,0,6
36164,0.291,0.709,0,0,0,0,3.3
36165,0.018,0.982,0,0,0,0,4.1
36166,0.037,0.963,0,0,0,0,2.4
36167,0.023,0.977,0,0,0,0,4.2
36168,0.009,0.991,0,0,0,0,5.4
36169,0.009,0.991,0,0,0,0,4.6
36171,0.614,0.386,0,0,0,0,3.2
36381,0.242,0.758,0,0,0,0,2.9
36401,0.255,0.745,0,0,0,0,6.2
36501,0.333,0.667,0,0,0,0,6.9
36521,0.015,0.985,0,0,0,0,3.6
36601,0.5,0.5,0,0,0,0,2.8
37201,0.027,0.973,0,0,0,0,4.3
37301,0.123,0.877,0,0,0,0,2.1
37302,0.083,0.917,0,0,0,0,3.1
37303,0.094,0.906,0,0,0,0,5.1
37501,0.011,0.989,0,0,0,0,6.3
37601,0.008,0.992,0,0,0,0,5.7
37631,0.061,0.939,0,0,0,0,3.9
37651,0.626,0.374,0,0,0,0,2.9
37701,0.191,0.809,0,0,0,0,2.5
37791,0.438,0.562,0,0,0,0,5.5
37801,0.756,0.244,0,0,0,0,3.3
37802,0.736,0.264,0,0,0,0,5.2
37803,0.844,0.156,0,0,0,0,5.7
37804,0.774,0.226,0,0,0,0,3.5
37805,0.808,0.192,0,0,0,0,3.3
37806,0.924,0.076,0,0,0,0,7
37807,0.983,0.017,0,0,0,0,4.9
37881,0.786,0.214,0,0,0,0,2.4
37961,0.017,0.983,0,0,0,0,2.3
37971,0.314,0.686,0,0,0,0,1
37972,0.964,0.036,0,0,0,0,7.7
37973,0.94,0.06,0,0,0,0,3.1
37974,0.948,0.052,0,0,0,0,10.5
37975,0.832,0.168,0,0,0,0,4.2
37976,0.784,0.216,0,0,0,0,3.5
37977,0.983,0.017,0,0,0,0,6.1
37978,0.981,0.019,0,0,0,0,4.7
40011,0,0,0,0,1,0,5.7
41001,0.004,0.996,0,0,0,0,6.5
42011,0,0,0,0,1,0,9.5
42031,0,0,0,0,1,0,3
45011,0,0,1,0,0,0,2.1
45021,0,0,0,0,1,0,1.7
60001,0,0,1,0,0,0,4.7
60002,0,0,1,0,0,0,2.3
60003,0,0,1,0,0,0,4.7
60004,0,0,1,0,0,0,4.9
60005,0,0,1,0,0,0,5.2
60006,0,0,1,0,0,0,2.3
60007,0,0,1,0,0,0,4
60008,0,0,1,0,0,0,5.5
70123,0.007,0.993,0,0,0,0,3.6
70125,0.023,0.977,0,0,0,0,2.6
70126,0.013,0.987,0,0,0,0,4
70131,0.05,0.95,0,0,0,0,2.3
70132,0.013,0.987,0,0,0,0,2.1
70133,0.016,0.984,0,0,0,0,4.6
70141,0.774,0.226,0,0,0,0,4.7
70142,0.263,0.737,0,0,0,0,3.1
70143,0.357,0.643,0,0,0,0,4.3
70144,0.254,0.746,0,0,0,0,6.7
70211,0.701,0.299,0,0,0,0,10.1
70212,0.896,0.104,0,0,0,0,7.1
70221,0.136,0.864,0,0,0,0,2.8
70223,0.087,0.913,0,0,0,0,3.5
70231,0.023,0.977,0,0,0,0,3.7
70232,0.01,0.99,0,0,0,0,2.9
70234,0.019,0.981,0,0,0,0,4.1
70241,0.009,0.991,0,0,0,0,5.5
70243,0.006,0.994,0,0,0,0,3.2
70244,0.009,0.991,0,0,0,0,2.4
70311,0.029,0.971,0,0,0,0,1
70312,0.009,0.991,0,0,0,0,1.1
70314,0.012,0.988,0,0,0,0,5.2
70315,0.005,0.995,0,0,0,0,3.7
70316,0.015,0.985,0,0,0,0,5.2
70317,0.006,0.994,0,0,0,0,4.4
70322,0.519,0.481,0,0,0,0,4.5
70323,0.053,0.947,0,0,0,0,4.5
70332,0.01,0.99,0,0,0,0,2
70333,0.099,0.901,0,0,0,0,5.1
70342,0.004,0.996,0,0,0,0,4.8
70412,0.005,0.995,0,0,0,0,3.7
70421,0.008,0.992,0,0,0,0,7
70422,0.016,0.984,0,0,0,0,7.7
70423,0.008,0.992,0,0,0,0,4.7
70424,0.007,0.993,0,0,0,0,2.8
70426,0.017,0.983,0,0,0,0,3.4
70432,0.006,0.994,0,0,0,0,4.6
70433,0.003,0.997,0,0,0,0,5.8
72002,0.006,0.994,0,0,0,0,3.5
72003,0.008,0.992,0,0,0,0,3.3
72004,0.004,0.996,0,0,0,0,4.5
72006,0.005,0.995,0,0,0,0,3.6
72007,0.004,0.996,0,0,0,0,5.7
72008,0.004,0.996,0,0,0,0,5.3
75001,0,0,1,0,0,0,4.4
75002,0,0,1,0,0,0,3.8
75003,0,0,1,0,0,0,2.5
75004,0,0,1,0,0,0,2.8
75005,0,0,1,0,0,0,3
75006,0,0,1,0,0,0,4.8
75007,0,0,1,0,0,0,3.6
78003,0.006,0.994,0,0,0,0,4.1
78004,0.011,0.989,0,0,0,0,1.2
78005,0.018,0.982,0,0,0,0,3.1
78006,0.022,0.978,0,0,0,0,2.6
78007,0.022,0.978,0,0,0,0,3.7
78008,0.015,0.985,0,0,0,0,4.5
78009,0.006,0.994,0,0,0,0,5.1
80001,0.072,0.928,0,0,0,0,3.6
80002,0.241,0.759,0,0,0,0,4.3
80003,0.05,0.95,0,0,0,0,0.9
80004,0.183,0.817,0,0,0,0,3.5
80005,0.32,0.68,0,0,0,0,4
80006,0.309,0.691,0,0,0,0,4.8
80007,0.109,0.891,0,0,0,0,3.8
80008,0.048,0.952,0,0,0,0,4.2
88001,0,0,1,0,0,0,6.1
88002,0,0,1,0,0,0,4.9
88003,0,0,1,0,0,0,2
88004,0,0,1,0,0,0,4.1
88005,0,0,0,0,1,0,2.5
88006,0,0,0,0,1,0,2.3
88007,0,0,0,1,0,0,4.1
88008,0,0,1,0,0,0,4.1
88009,0,0,0,1,0,0,3.6
89001,0,0,1,0,0,0,4.4
89002,0,0,1,0,0,0,1.7
89003,0,0,1,0,0,0,3
89004,0,0,1,0,0,0,3
89005,0,0,1,0,0,0,4.3
89006,0,0,1,0,0,0,1.9
89007,0,0,1,0,0,0,8.6
89008,0,0,1,0,0,0,1.2
92001,0.018,0.982,0,0,0,0,4.5
92002,0.023,0.977,0,0,0,0,2.4
92003,0.039,0.961,0,0,0,0,5.8
92004,0.039,0.961,0,0,0,0,4.3
93002,0.015,0.985,0,0,0,0,5.7
93003,0.004,0.996,0,0,0,0,4.8
93004,0.184,0.816,0,0,0,0,5.5
94003,0.01,0.99,0,0,0,0,2.8
95005,0.014,0.986,0,0,0,0,4.4
95007,0.006,0.994,0,0,0,0,3.5
98001,0.012,0.988,0,0,0,0,3.3
98003,0.006,0.994,0,0,0,0,4.1
98004,0.023,0.977,0,0,0,0,1.6
106111,0.009,0.991,0,0,0,0,6.5
106121,0,0,0,1,0,0,3.2
106132,0.029,0.971,0,0,0,0,2.3
106133,0.008,0.992,0,0,0,0,2.8
106134,0.012,0.988,0,0,0,0,2.9
106143,0.004,0.996,0,0,0,0,5.1
113912,0.008,0.992,0,0,0,0,3.3
113913,0.034,0.966,0,0,0,0,4.2
113914,0.006,0.994,0,0,0,0,3.9
113921,0.013,0.987,0,0,0,0,2.9
113923,0.018,0.982,0,0,0,0,4.4
113924,0.005,0.995,0,0,0,0,5
113934,0.015,0.985,0,0,0,0,4.9
116110,0,0,1,0,0,0,2.8
116111,0,0,1,0,0,0,5.7
120011,0.006,0.994,0,0,0,0,3.2
120012,0.031,0.969,0,0,0,0,4.4
120013,0.051,0.949,0,0,0,0,4.7
120015,0.004,0.996,0,0,0,0,6.2
120016,0.04,0.96,0,0,0,0,3.5
120023,0.029,0.971,0,0,0,0,8.9
120024,0.088,0.912,0,0,0,0,8.3
120033,0.017,0.983,0,0,0,0,5.4
120034,0.054,0.946,0,0,0,0,2.8
220010,0.098,0.902,0,0,0,0,2.1
220012,0.027,0.973,0,0,0,0,3.3
240010,0.006,0.994,0,0,0,0,3.2
240012,0.028,0.972,0,0,0,0,4
260014,0.006,0.994,0,0,0,0,4.8
260016,0.012,0.988,0,0,0,0,4
260021,0.019,0.981,0,0,0,0,4.4
260022,0.066,0.934,0,0,0,0,2.7
260023,0.015,0.985,0,0,0,0,6.1
260025,0.019,0.981,0,0,0,0,2.8
260031,0.007,0.993,0,0,0,0,3.4
260034,0.005,0.995,0,0,0,0,2
261013,0.101,0.899,0,0,0,0,5.7
261014,0.047,0.953,0,0,0,0,5.1
261015,0.009,0.991,0,0,0,0,2.2
261016,0.042,0.958,0,0,0,0,3.9
261021,0.009,0.991,0,0,0,0,2.5
261022,0.067,0.933,0,0,0,0,4.7
261024,0.064,0.936,0,0,0,0,3.8
261025,0.175,0.825,0,0,0,0,2.9
261026,0.876,0.124,0,0,0,0,6.6
261027,0.719,0.281,0,0,0,0,3.7
261032,0.86,0.14,0,0,0,0,6.9
261033,0.633,0.367,0,0,0,0,5.7
261034,0.537,0.463,0,0,0,0,5.4
261035,0.394,0.606,0,0,0,0,5.1
261036,0.494,0.506,0,0,0,0,4.2
261037,0.525,0.475,0,0,0,0,3.1
263012,0.02,0.98,0,0,0,0,3.5
263013,0.02,0.98,0,0,0,0,0.6
263014,0.006,0.994,0,0,0,0,4
263015,0.031,0.969,0,0,0,0,3.8
263021,0.023,0.977,0,0,0,0,2.4
263022,0.024,0.976,0,0,0,0,3.3
263024,0.016,0.984,0,0,0,0,4.8
263025,0.008,0.992,0,0,0,0,3.1
263031,0.029,0.971,0,0,0,0,1.1
263032,0.124,0.876,0,0,0,0,3.3
263033,0.332,0.668,0,0,0,0,2.9
263036,0.006,0.994,0,0,0,0,3.4
264011,0.008,0.992,0,0,0,0,3.2
264012,0.007,0.993,0,0,0,0,2.1
264013,0.005,0.995,0,0,0,0,3.8
265011,0.012,0.988,0,0,0,0,5
265013,0.013,0.987,0,0,0,0,4.9
265021,0.01,0.99,0,0,0,0,3.7
265022,0.015,0.985,0,0,0,0,4.1
265023,0.008,0.992,0,0,0,0,3.6
265031,0.005,0.995,0,0,0,0,4.2
265032,0.008,0.992,0,0,0,0,3.3
265036,0.009,0.991,0,0,0,0,0.7
271011,0,0,1,0,0,0,1.8
271012,0,0,1,0,0,0,4.6
271013,0,0,1,0,0,0,2.3
271014,0,0,1,0,0,0,2.5
271015,0,0,1,0,0,0,4.7
271021,0,0,1,0,0,0,4.5
271022,0,0,1,0,0,0,4.4
271031,0,0,1,0,0,0,6.5
271032,0,0,1,0,0,0,1.7
271033,0,0,1,0,0,0,7
271034,0,0,1,0,0,0,5
280010,0.019,0.981,0,0,0,0,1.9
361610,0.008,0.992,0,0,0,0,3.6
630011,0.007,0.993,0,0,0,0,2.8
630012,0.004,0.996,0,0,0,0,6
630013,0.02,0.98,0,0,0,0,3.6
630021,0.005,0.995,0,0,0,0,4.2
630023,0.023,0.977,0,0,0,0,3.8
630031,0.014,0.986,0,0,0,0,2.8
630032,0.007,0.993,0,0,0,0,2.7
630033,0.01,0.99,0,0,0,0,4.4
630034,0.012,0.988,0,0,0,0,4.1
630042,0.049,0.951,0,0,0,0,3.2
630043,0.011,0.989,0,0,0,0,3.8
630044,0.007,0.993,0,0,0,0,3.2
640011,0.013,0.987,0,0,0,0,3.9
640012,0.01,0.99,0,0,0,0,4.1
640013,0.008,0.992,0,0,0,0,4.2
640035,0.007,0.993,0,0,0,0,3.7
640042,0.005,0.995,0,0,0,0,3
640043,0.008,0.992,0,0,0,0,3
640054,0.007,0.993,0,0,0,0,5.1
640055,0.013,0.987,0,0,0,0,1.9
640057,0.019,0.981,0,0,0,0,2.4
640065,0.004,0.996,0,0,0,0,3.3
650013,0.003,0.997,0,0,0,0,4.3
650023,0.016,0.984,0,0,0,0,5.9
650031,0.008,0.992,0,0,0,0,4.2
650032,0.004,0.996,0,0,0,0,5.4
650043,0.014,0.986,0,0,0,0,2.6
650044,0.056,0.944,0,0,0,0,4
650045,0.007,0.993,0,0,0,0,3.7
650051,0.013,0.987,0,0,0,0,4
650052,0.006,0.994,0,0,0,0,3.6
650062,0.006,0.994,0,0,0,0,2.7
650063,0.022,0.978,0,0,0,0,3.3
650064,0.007,0.993,0,0,0,0,3.9
670011,0.006,0.994,0,0,0,0,5.7
670012,0.123,0.877,0,0,0,0,4.6
670013,0.089,0.911,0,0,0,0,2.6
670014,0.05,0.95,0,0,0,0,1.2
670015,0.034,0.966,0,0,0,0,1.3
670021,0.004,0.996,0,0,0,0,4.9
670024,0.016,0.984,0,0,0,0,2
670025,0.008,0.992,0,0,0,0,2.9
670032,0.039,0.961,0,0,0,0,2.3
670033,0.013,0.987,0,0,0,0,1.8
670034,0.137,0.863,0,0,0,0,2.1
670036,0.006,0.994,0,0,0,0,2.5
680012,0.022,0.978,0,0,0,0,3.7
680013,0.014,0.986,0,0,0,0,4.5
680014,0.007,0.993,0,0,0,0,4.5
680021,0.024,0.976,0,0,0,0,5.9
680022,0.019,0.981,0,0,0,0,5
680023,0.07,0.93,0,0,0,0,4.4
680024,0.01,0.99,0,0,0,0,4.6
680025,0.014,0.986,0,0,0,0,5.8
680032,0.017,0.983,0,0,0,0,3.2
690012,0.012,0.988,0,0,0,0,5.1
690013,0.003,0.997,0,0,0,0,4.3
690021,0.007,0.993,0,0,0,0,3.1
690022,0.011,0.989,0,0,0,0,5.4
690032,0.006,0.994,0,0,0,0,2.8
690037,0.015,0.985,0,0,0,0,3.5
690041,0.006,0.994,0,0,0,0,3.5
690042,0.007,0.993,0,0,0,0,2.2
690043,0.007,0.993,0,0,0,0,3.1
690051,0.023,0.977,0,0,0,0,4.6
690052,0.007,0.993,0,0,0,0,3.2
690053,0.021,0.979,0,0,0,0,3.6
690056,0.058,0.942,0,0,0,0,2.9
700012,0,0,1,0,0,0,5.2
700013,0.014,0.986,0,0,0,0,6.3
700014,0,0,1,0,0,0,4.1
700015,0,0,1,0,0,0,3.9
700021,0.021,0.979,0,0,0,0,3.2
700022,0.013,0.987,0,0,0,0,3.5
700023,0.008,0.992,0,0,0,0,4
700024,0.013,0.987,0,0,0,0,3.3
700025,0.005,0.995,0,0,0,0,3
700031,0.056,0.944,0,0,0,0,2.1
700032,0.05,0.95,0,0,0,0,4.6
700041,0.022,0.978,0,0,0,0,3
700042,0.157,0.843,0,0,0,0,5.9
700043,0.03,0.97,0,0,0,0,1.9
700044,0,0,1,0,0,0,3.5
700053,0.009,0.991,0,0,0,0,3.3
720011,0.033,0.967,0,0,0,0,3.4
730011,0,0,0,1,0,0,2.1
730012,0,0,1,0,0,0,5.8
730013,0,0,1,0,0,0,4.9
730014,0,0,1,0,0,0,1.2
730015,0,0,1,0,0,0,5.9
730021,0,0,1,0,0,0,1.6
730022,0,0,0,1,0,0,3.1
730023,0,0,0,1,0,0,3.1
730031,0,0,1,0,0,0,3.3
730032,0,0,1,0,0,0,5.1
730033,0,0,1,0,0,0,2.7
730034,0,0,1,0,0,0,4.7
730035,0,0,0,1,0,0,6.6
730041,0,0,0,1,0,0,4.9
730042,0,0,1,0,0,0,3.2
730043,0,0,1,0,0,0,3.2
730044,0,0,1,0,0,0,2.2
730045,0,0,1,0,0,0,8.1
760011,0.045,0.955,0,0,0,0,2.2
760012,0.006,0.994,0,0,0,0,3.8
760013,0.011,0.989,0,0,0,0,5.7
760014,0.033,0.967,0,0,0,0,3.1
760015,0.023,0.977,0,0,0,0,1.1
760021,0.007,0.993,0,0,0,0,3.1
760022,0.006,0.994,0,0,0,0,1.2
760023,0.015,0.985,0,0,0,0,3.9
760024,0.012,0.988,0,0,0,0,2.9
760026,0,0,1,0,0,0,2.8
760031,0.02,0.98,0,0,0,0,2.6
760032,0,0,1,0,0,0,6.2
760033,0,0,1,0,0,0,3.6
760034,0,0,1,0,0,0,0.9
770011,0.016,0.984,0,0,0,0,3.2
770013,0.013,0.987,0,0,0,0,3.7
770015,0.011,0.989,0,0,0,0,3.8
770016,0.026,0.974,0,0,0,0,3.8
770021,0.005,0.995,0,0,0,0,5
770023,0.004,0.996,0,0,0,0,5.5
770024,0.006,0.994,0,0,0,0,4
770025,0.013,0.987,0,0,0,0,4.8
770026,0.027,0.973,0,0,0,0,4.2
800011,0,0,1,0,0,0,0.4
820013,0.006,0.994,0,0,0,0,3.6
820014,0.006,0.994,0,0,0,0,3.6
820021,0.006,0.994,0,0,0,0,4.4
820022,0.01,0.99,0,0,0,0,5.5
820023,0.014,0.986,0,0,0,0,2.1
820031,0.032,0.968,0,0,0,0,1.9
820033,0.015,0.985,0,0,0,0,3.2
850011,0,0,1,0,0,0,2.6
850012,0.022,0.978,0,0,0,0,3
850013,0.02,0.98,0,0,0,0,3.4
850015,0,0,1,0,0,0,1.5
850016,0,0,1,0,0,0,0.5
850017,0,0,1,0,0,0,3.9
850021,0.025,0.975,0,0,0,0,2.6
850023,0.011,0.989,0,0,0,0,2.2
850024,0.003,0.997,0,0,0,0,4.3
850032,0.006,0.994,0,0,0,0,3.4
850033,0.024,0.976,0,0,0,0,2.9
850035,0.007,0.993,0,0,0,0,3.7
850042,0.005,0.995,0,0,0,0,4.5
850043,0.003,0.997,0,0,0,0,4.8
850045,0,0,1,0,0,0,3.8
870012,0.007,0.993,0,0,0,0,2.4
870013,0.009,0.991,0,0,0,0,3.1
870014,0.025,0.975,0,0,0,0,2.8
870015,0.149,0.851,0,0,0,0,2.1
870016,0.033,0.967,0,0,0,0,3
870017,0.022,0.978,0,0,0,0,3.3
870018,0.027,0.973,0,0,0,0,2.6
870021,0.007,0.993,0,0,0,0,2.4
870022,0.033,0.967,0,0,0,0,3.2
870023,0.016,0.984,0,0,0,0,2.8
870025,0.016,0.984,0,0,0,0,3.5
870026,0.006,0.994,0,0,0,0,2.9
870028,0.03,0.97,0,0,0,0,2.7
870031,0.006,0.994,0,0,0,0,6
870032,0.01,0.99,0,0,0,0,3.6
870033,0.005,0.995,0,0,0,0,3.7
870034,0.006,0.994,0,0,0,0,3.7
870035,0.004,0.996,0,0,0,0,3.1
870036,0.006,0.994,0,0,0,0,2.2
880010,0,0,1,0,0,0,2
910013,0.002,0.998,0,0,0,0,5.5
910021,0.005,0.995,0,0,0,0,5
910024,0.011,0.989,0,0,0,0,3.4
910032,0.005,0.995,0,0,0,0,4.3
910033,0.011,0.989,0,0,0,0,3.2
910041,0.009,0.991,0,0,0,0,5
910043,0.006,0.994,0,0,0,0,3.6
950011,0.003,0.997,0,0,0,0,5.3
960023,0.007,0.993,0,0,0,0,1.8
960032,0.026,0.974,0,0,0,0,3.6
960034,0.004,0.996,0,0,0,0,4.9
970011,0.022,0.978,0,0,0,0,3.5
970021,0.01,0.99,0,0,0,0,5.4
970023,0.004,0.996,0,0,0,0,5.4
970024,0.004,0.996,0,0,0,0,3.3
3000111,0.873,0.127,0,0,0,0,3.1
3000112,0.786,0.214,0,0,0,0,2.6
3000113,0.319,0.681,0,0,0,0,3.4
3000114,0.44,0.56,0,0,0,0,2.9
3000115,0.202,0.798,0,0,0,0,2.5
3000116,0.226,0.774,0,0,0,0,3.8
3000121,0.02,0.98,0,0,0,0,3.9
3000122,0.007,0.993,0,0,0,0,3.1
3000123,0.024,0.976,0,0,0,0,4.8
3000124,0.042,0.958,0,0,0,0,2.5
3000125,0.046,0.954,0,0,0,0,3.4
3000131,0.046,0.954,0,0,0,0,1.6
3000132,0.074,0.926,0,0,0,0,4.6
3000133,0.02,0.98,0,0,0,0,4
3000134,0.02,0.98,0,0,0,0,2.9
3000135,0.032,0.968,0,0,0,0,4.5
3000136,0.008,0.992,0,0,0,0,4.1
3000211,0,0,1,0,0,0,267
3000411,0.718,0.282,0,0,0,0,5.2
3000412,0.849,0.151,0,0,0,0,5.2
3000413,0.806,0.194,0,0,0,0,3.6
3000421,0.42,0.58,0,0,0,0,3.6
3000422,0.172,0.828,0,0,0,0,2.8
3000423,0.657,0.343,0,0,0,0,4.2
3000424,0.622,0.378,0,0,0,0,2.1
3000425,0.876,0.124,0,0,0,0,4.8
3000426,0.831,0.169,0,0,0,0,5.6
3000431,0.21,0.79,0,0,0,0,4.6
3000432,0.774,0.226,0,0,0,0,5
3000433,0.156,0.844,0,0,0,0,2.1
3000434,0.311,0.689,0,0,0,0,2.8
3000435,0.055,0.945,0,0,0,0,2.1
3000512,0.107,0.893,0,0,0,0,2.8
3000513,0.803,0.197,0,0,0,0,3.8
3000514,0.657,0.343,0,0,0,0,4.3
3000515,0.835,0.165,0,0,0,0,4.8
3000521,0.115,0.885,0,0,0,0,4
3000522,0.584,0.416,0,0,0,0,3.3
3000523,0.32,0.68,0,0,0,0,2.8
3000531,0.598,0.402,0,0,0,0,2.6
3000532,0.617,0.383,0,0,0,0,3.4
3000533,0.835,0.165,0,0,0,0,2.7
3000541,0.006,0.994,0,0,0,0,3.7
3000542,0.045,0.955,0,0,0,0,4.2
3000721,0.759,0.241,0,0,0,0,2.5
3000812,0.638,0.362,0,0,0,0,3.3
3000821,0.905,0.095,0,0,0,0,6.3
3000822,0.838,0.162,0,0,0,0,5.4
3000823,0.809,0.191,0,0,0,0,2.8
3000824,0.806,0.194,0,0,0,0,6.7
3000825,0.74,0.26,0,0,0,0,2.6
3000826,0.829,0.171,0,0,0,0,4.8
3000832,0.701,0.299,0,0,0,0,2.6
3000833,0.421,0.579,0,0,0,0,1.1
3000834,0.711,0.289,0,0,0,0,3.9
3000835,0.747,0.253,0,0,0,0,1.9
3000836,0.386,0.614,0,0,0,0,3.6
3000841,0.156,0.844,0,0,0,0,1.4
3000842,0.853,0.147,0,0,0,0,0.6
3000843,0.057,0.943,0,0,0,0,0.9
3000845,0.01,0.99,0,0,0,0,1.6
3000847,0.066,0.934,0,0,0,0,0.8
3000851,0.364,0.636,0,0,0,0,0.7
3000852,0.227,0.773,0,0,0,0,0.7
3000853,0.087,0.913,0,0,0,0,1.3
3000854,0.201,0.799,0,0,0,0,2.1
3000855,0.36,0.64,0,0,0,0,1.4
3000856,0.247,0.753,0,0,0,0,1.1
3000858,0.455,0.545,0,0,0,0,0.7
3000862,0.128,0.872,0,0,0,0,1.3
3000863,0.11,0.89,0,0,0,0,2.9
3000864,0.138,0.862,0,0,0,0,2.6
3000911,0.828,0.172,0,0,0,0,3.7
3000912,0.91,0.09,0,0,0,0,4.4
3000913,0.923,0.077,0,0,0,0,2.5
3000914,0.801,0.199,0,0,0,0,5.4
3000915,0.776,0.224,0,0,0,0,5.2
3000921,0.359,0.641,0,0,0,0,2.6
3000922,0.666,0.334,0,0,0,0,2.9
3000923,0.562,0.438,0,0,0,0,5
3000931,0.643,0.357,0,0,0,0,3
3000932,0.647,0.353,0,0,0,0,6.1
3000933,0.739,0.261,0,0,0,0,4.6
3000934,0.645,0.355,0,0,0,0,2
4000111,0.099,0.901,0,0,0,0,1.6
4000112,0.08,0.92,0,0,0,0,4.1
4000135,0.005,0.995,0,0,0,0,4.7
4000311,0,0,1,0,0,0,0.8
4000312,0,0,1,0,0,0,1.2
4000322,0,0,0,1,0,0,0.8
4000331,0,0,0,1,0,0,1.5
4000332,0,0,0,1,0,0,2.6
4000333,0,0,0,1,0,0,1.4
4000411,0.021,0.979,0,0,0,0,3.6
4000417,0.007,0.993,0,0,0,0,3.6
4000421,0,0,0,1,0,0,2
4000422,0.015,0.985,0,0,0,0,4.2
4000424,0.006,0.994,0,0,0,0,4
4000512,0.008,0.992,0,0,0,0,3.2
4000527,0,0,1,0,0,0,2.1
4000611,0,0,0,1,0,0,2.8
4000612,0,0,0,1,0,0,2
4000613,0.024,0.976,0,0,0,0,3.1
4000621,0.034,0.966,0,0,0,0,3.7
4000622,0.221,0.779,0,0,0,0,3
4000623,0.278,0.722,0,0,0,0,3.2
4000631,0.12,0.88,0,0,0,0,4
4000634,0.039,0.961,0,0,0,0,1.5
4000641,0.116,0.884,0,0,0,0,3.1
4000642,0.544,0.456,0,0,0,0,3.4
4000643,0.951,0.049,0,0,0,0,1.8
4000644,0.217,0.783,0,0,0,0,0.7
4000711,0,0,1,0,0,0,1.9
4000713,0.018,0.982,0,0,0,0,5.1
4000714,0.028,0.972,0,0,0,0,4.8
4000721,0.049,0.951,0,0,0,0,3.8
4000722,0.098,0.902,0,0,0,0,3.1
4000723,0.033,0.967,0,0,0,0,4.9
4000732,0.007,0.993,0,0,0,0,4.1
4000733,0.023,0.977,0,0,0,0,2.7
4000811,0.082,0.918,0,0,0,0,3.7
4000812,0.141,0.859,0,0,0,0,3.2
4000813,0.011,0.989,0,0,0,0,2.8
4000821,0.005,0.995,0,0,0,0,4
4000822,0.008,0.992,0,0,0,0,2
4000921,0.009,0.991,0,0,0,0,2.2
4000922,0.009,0.991,0,0,0,0,3.6
4000931,0.006,0.994,0,0,0,0,3.4
4000933,0.007,0.993,0,0,0,0,3.3
4000934,0.006,0.994,0,0,0,0,3.6
4000942,0.012,0.988,0,0,0,0,1.7
4000943,0.009,0.991,0,0,0,0,1.9
5000115,0.004,0.996,0,0,0,0,3.1
5000121,0.008,0.992,0,0,0,0,3.8
5000122,0.004,0.996,0,0,0,0,3.6
5000123,0.014,0.986,0,0,0,0,3.9
5000124,0.006,0.994,0,0,0,0,4.4
5000125,0.01,0.99,0,0,0,0,4.5
5000132,0.01,0.99,0,0,0,0,3.5
5000215,0.018,0.982,0,0,0,0,4.2
5000216,0.015,0.985,0,0,0,0,2.7
5000223,0.011,0.989,0,0,0,0,4.4
5000224,0.01,0.99,0,0,0,0,1.9
5000226,0.075,0.925,0,0,0,0,4.1
5000233,0.018,0.982,0,0,0,0,3.8
5000312,0.014,0.986,0,0,0,0,2.5
5000314,0.005,0.995,0,0,0,0,4.3
5000315,0.009,0.991,0,0,0,0,4.2
5000316,0.009,0.991,0,0,0,0,1.8
5000317,0.013,0.987,0,0,0,0,2
5000321,0.011,0.989,0,0,0,0,1.6
5000324,0.024,0.976,0,0,0,0,2.3
5000325,0.018,0.982,0,0,0,0,3.6
5000326,0.004,0.996,0,0,0,0,2.6
5000332,0.024,0.976,0,0,0,0,1.6
5000334,0.01,0.99,0,0,0,0,2.2
5000337,0.007,0.993,0,0,0,0,1.8
5000341,0.017,0.983,0,0,0,0,2.1
5000342,0.029,0.971,0,0,0,0,1.9
5000343,0.01,0.99,0,0,0,0,1.9
5000345,0.021,0.979,0,0,0,0,2.1
5000346,0.035,0.965,0,0,0,0,2.4
5000347,0.006,0.994,0,0,0,0,2.9
5000413,0.037,0.963,0,0,0,0,3.7
5000415,0.009,0.991,0,0,0,0,3.8
5000422,0.011,0.989,0,0,0,0,3.1
5000423,0.021,0.979,0,0,0,0,2.9
5000424,0.02,0.98,0,0,0,0,2.9
5000431,0.018,0.982,0,0,0,0,2.8
5000432,0.008,0.992,0,0,0,0,3.5
5000436,0.074,0.926,0,0,0,0,1.9
5000515,0.008,0.992,0,0,0,0,3.4
5000516,0.017,0.983,0,0,0,0,3.9
5000517,0.042,0.958,0,0,0,0,3.1
5000543,0.016,0.984,0,0,0,0,1.2
5000544,0.045,0.955,0,0,0,0,2
5000555,0.023,0.977,0,0,0,0,2
5000611,0.013,0.987,0,0,0,0,2.7
5000622,0.03,0.97,0,0,0,0,0.8
5000723,0,0,1,0,0,0,2.9
5000725,0,0,1,0,0,0,2
5000732,0,0,1,0,0,0,3.2
5000734,0,0,1,0,0,0,2.6
5000735,0.013,0.987,0,0,0,0,2.7
5000736,0.014,0.986,0,0,0,0,3.9
5000743,0.008,0.992,0,0,0,0,3.5
5000745,0.023,0.977,0,0,0,0,3.5
5000746,0.01,0.99,0,0,0,0,3.7
5000747,0.012,0.988,0,0,0,0,2.9
5000812,0.022,0.978,0,0,0,0,4.4
5000823,0.043,0.957,0,0,0,0,1.5
5000824,0.039,0.961,0,0,0,0,2.7
5000832,0.041,0.959,0,0,0,0,3.8
5000833,0.035,0.965,0,0,0,0,5
5000911,0.047,0.953,0,0,0,0,4.2
5000912,0.01,0.99,0,0,0,0,2.9
5000916,0.009,0.991,0,0,0,0,1.8
5000921,0.005,0.995,0,0,0,0,4.3
5000923,0.065,0.935,0,0,0,0,0.7
5000924,0.064,0.936,0,0,0,0,1.2
5000925,0.009,0.991,0,0,0,0,3.3
5000927,0.041,0.959,0,0,0,0,4.7
5000929,0.033,0.967,0,0,0,0,4.3
5000933,0.007,0.993,0,0,0,0,3.8
5000935,0.016,0.984,0,0,0,0,2.3
5000936,0.009,0.991,0,0,0,0,2.5
5000937,0.009,0.991,0,0,0,0,5.1
5000941,0.032,0.968,0,0,0,0,3
5000942,0.024,0.976,0,0,0,0,5.2
5000943,0.025,0.975,0,0,0,0,2.9
5000944,0.003,0.997,0,0,0,0,3.6
5000946,0.004,0.996,0,0,0,0,3.2
5000947,0.01,0.99,0,0,0,0,4.4
6100112,0.371,0.629,0,0,0,0,2
6100113,0.435,0.565,0,0,0,0,3.4
6100114,0.467,0.533,0,0,0,0,3.1
6100115,0.62,0.38,0,0,0,0,4.9
6100121,0.082,0.918,0,0,0,0,3
6100122,0.162,0.838,0,0,0,0,3.9
6100123,0.291,0.709,0,0,0,0,6.1
6100211,0.707,0.293,0,0,0,0,4.9
6100212,0.762,0.238,0,0,0,0,3.8
6100213,0.807,0.193,0,0,0,0,2.7
6100214,0.771,0.229,0,0,0,0,3.4
6100221,0.787,0.213,0,0,0,0,3.3
6100222,0.691,0.309,0,0,0,0,4.8
6100223,0.71,0.29,0,0,0,0,6.3
6100231,0.387,0.613,0,0,0,0,2.9
6100232,0.535,0.465,0,0,0,0,5.7
6100233,0.567,0.433,0,0,0,0,5.1
6100311,0.635,0.365,0,0,0,0,5.4
6100312,0.867,0.133,0,0,0,0,3.6
6100313,0.82,0.18,0,0,0,0,3.4
6100314,0.449,0.551,0,0,0,0,3.5
6100315,0.511,0.489,0,0,0,0,4.6
6100321,0.87,0.13,0,0,0,0,4.8
6100322,0.908,0.092,0,0,0,0,6.4
6100323,0.819,0.181,0,0,0,0,6
6100411,0.631,0.369,0,0,0,0,6.1
6100412,0.804,0.196,0,0,0,0,1.7
6100413,0.795,0.205,0,0,0,0,5.4
6100414,0.793,0.207,0,0,0,0,2.8
6100415,0.791,0.209,0,0,0,0,3.8
6100422,0.804,0.196,0,0,0,0,3.1
6100423,0.838,0.162,0,0,0,0,3.5
6100424,0.754,0.246,0,0,0,0,4.6
6100425,0.728,0.272,0,0,0,0,4.4
6100426,0.658,0.342,0,0,0,0,4.6
6100427,0.897,0.103,0,0,0,0,3
6200113,0.008,0.992,0,0,0,0,5
6200114,0.007,0.993,0,0,0,0,3.1
6200211,0.014,0.986,0,0,0,0,3.8
6200212,0.016,0.984,0,0,0,0,4.4
6200213,0.016,0.984,0,0,0,0,3
6200214,0.007,0.993,0,0,0,0,3.2
6200215,0.008,0.992,0,0,0,0,4.6
6200312,0.03,0.97,0,0,0,0,2.5
6200321,0.007,0.993,0,0,0,0,3.1
6200322,0.005,0.995,0,0,0,0,5.2
6200411,0.013,0.987,0,0,0,0,3.9
6200412,0.011,0.989,0,0,0,0,4.3
6200413,0.026,0.974,0,0,0,0,3.9
6200421,0.007,0.993,0,0,0,0,5.2
6200422,0.019,0.981,0,0,0,0,2.2
6200423,0.011,0.989,0,0,0,0,2.6
6200511,0.007,0.993,0,0,0,0,3
6200513,0.007,0.993,0,0,0,0,2.7
6200522,0.012,0.988,0,0,0,0,4.4
6600211,0.005,0.995,0,0,0,0,4.2
6600213,0.011,0.989,0,0,0,0,4.8
6600214,0.005,0.995,0,0,0,0,4.4
6600215,0.029,0.971,0,0,0,0,2
6600221,0.023,0.977,0,0,0,0,1.8
6600223,0.012,0.988,0,0,0,0,3
6600225,0.022,0.978,0,0,0,0,4.2
6600311,0.013,0.987,0,0,0,0,2.3
6600312,0.016,0.984,0,0,0,0,2.3
6600313,0.019,0.981,0,0,0,0,3.5
6600314,0.011,0.989,0,0,0,0,2.9
6600321,0.008,0.992,0,0,0,0,3.5
6600324,0.01,0.99,0,0,0,0,3.8
6600332,0.012,0.988,0,0,0,0,2
6600334,0.009,0.991,0,0,0,0,2.2
6600411,0.025,0.975,0,0,0,0,1.3
6600412,0.061,0.939,0,0,0,0,3.4
6600413,0.015,0.985,0,0,0,0,4.2
6600414,0.005,0.995,0,0,0,0,2.6
6600422,0.01,0.99,0,0,0,0,2.6
6600512,0.025,0.975,0,0,0,0,4.3
6600514,0.006,0.994,0,0,0,0,4.4
6600521,0.004,0.996,0,0,0,0,4.3
6600523,0.027,0.973,0,0,0,0,4.1
6600611,0.011,0.989,0,0,0,0,4.3
6600612,0.013,0.987,0,0,0,0,2.6
6600613,0.012,0.988,0,0,0,0,2.3
6600615,0.036,0.964,0,0,0,0,3
6600621,0.086,0.914,0,0,0,0,5.5
6600622,0.052,0.948,0,0,0,0,4.1
6600623,0.003,0.997,0,0,0,0,3.8
6600624,0.004,0.996,0,0,0,0,3.6
6600626,0.027,0.973,0,0,0,0,4.3
7100112,0.007,0.993,0,0,0,0,5.1
7100113,0.013,0.987,0,0,0,0,6.6
7100114,0.012,0.988,0,0,0,0,4.7
7100122,0.005,0.995,0,0,0,0,3.9
7100123,0.013,0.987,0,0,0,0,4.2
7100124,0.035,0.965,0,0,0,0,3.9
7100125,0.015,0.985,0,0,0,0,4.4
7100126,0.008,0.992,0,0,0,0,3
7100127,0.016,0.984,0,0,0,0,1
7100211,0.006,0.994,0,0,0,0,4.9
7100212,0.012,0.988,0,0,0,0,6.2
7100213,0.01,0.99,0,0,0,0,5.4
7100214,0.013,0.987,0,0,0,0,3
7100221,0.007,0.993,0,0,0,0,4.2
7100222,0.036,0.964,0,0,0,0,1.1
7100223,0.015,0.985,0,0,0,0,2.2
7100225,0.02,0.98,0,0,0,0,4.1
7100226,0.011,0.989,0,0,0,0,3.5
7100313,0.005,0.995,0,0,0,0,4.3
7100314,0.024,0.976,0,0,0,0,5.6
7100315,0.02,0.98,0,0,0,0,2.2
7100316,0.011,0.989,0,0,0,0,4.3
7100321,0.04,0.96,0,0,0,0,5.7
7100322,0.006,0.994,0,0,0,0,4
7100323,0.053,0.947,0,0,0,0,5
7400114,0.034,0.966,0,0,0,0,6.2
7400115,0.007,0.993,0,0,0,0,10.2
7400212,0.015,0.985,0,0,0,0,3.7
7400221,0.476,0.524,0,0,0,0,4.3
7400223,0.089,0.911,0,0,0,0,3.9
7400231,0.004,0.996,0,0,0,0,4.9
7400241,0.011,0.989,0,0,0,0,4.8
7400242,0.032,0.968,0,0,0,0,2.6
7400311,0.017,0.983,0,0,0,0,2.9
7400313,0.015,0.985,0,0,0,0,2.9
7400321,0.013,0.987,0,0,0,0,3.4
7400322,0.018,0.982,0,0,0,0,4.7
7400323,0.008,0.992,0,0,0,0,3.3
7400331,0.011,0.989,0,0,0,0,2.4
7400332,0.154,0.846,0,0,0,0,2.4
7400333,0.132,0.868,0,0,0,0,3.4
7400334,0.019,0.981,0,0,0,0,3
7400341,0.006,0.994,0,0,0,0,4.4
7400342,0.006,0.994,0,0,0,0,3.2
7400343,0.027,0.973,0,0,0,0,2.7
7400351,0.06,0.94,0,0,0,0,5
7400352,0.058,0.942,0,0,0,0,7.4
7400353,0.082,0.918,0,0,0,0,1
7400411,0.014,0.986,0,0,0,0,1.7
7400421,0.016,0.984,0,0,0,0,4
7400422,0.007,0.993,0,0,0,0,4.4
7400431,0.031,0.969,0,0,0,0,5.6
7400512,0.06,0.94,0,0,0,0,1.8
7400513,0.007,0.993,0,0,0,0,3.5
7400523,0.041,0.959,0,0,0,0,4.1
7900112,0.011,0.989,0,0,0,0,4.7
7900113,0.021,0.979,0,0,0,0,11.7
7900114,0.008,0.992,0,0,0,0,3.8
7900115,0.015,0.985,0,0,0,0,2
7900121,0.004,0.996,0,0,0,0,4.1
7900122,0.005,0.995,0,0,0,0,4.9
7900123,0.005,0.995,0,0,0,0,3.4
7900134,0.027,0.973,0,0,0,0,2.2
7900141,0.095,0.905,0,0,0,0,1.5
7900142,0.08,0.92,0,0,0,0,1.4
7900145,0.046,0.954,0,0,0,0,3.4
7900146,0.011,0.989,0,0,0,0,1.5
7900213,0.114,0.886,0,0,0,0,1.3
7900221,0.058,0.942,0,0,0,0,2.5
7900222,0.039,0.961,0,0,0,0,3
7900223,0.056,0.944,0,0,0,0,3.2
7900224,0.064,0.936,0,0,0,0,3.3
7900231,0.052,0.948,0,0,0,0,5.9
7900232,0.067,0.933,0,0,0,0,3.1
7900233,0.012,0.988,0,0,0,0,2.9
7900234,0.017,0.983,0,0,0,0,3.3
7900235,0.088,0.912,0,0,0,0,2.4
7900236,0.105,0.895,0,0,0,0,3.2
7900311,0.013,0.987,0,0,0,0,5.1
7900313,0.005,0.995,0,0,0,0,4.2
7900321,0.024,0.976,0,0,0,0,4.6
7900323,0.007,0.993,0,0,0,0,3.1
7900324,0.016,0.984,0,0,0,0,3.5
7900411,0.015,0.985,0,0,0,0,1.8
7900412,0.015,0.985,0,0,0,0,2.8
7900413,0.007,0.993,0,0,0,0,2
7900414,0.112,0.888,0,0,0,0,4
7900415,0.034,0.966,0,0,0,0,2.5
7900421,0.035,0.965,0,0,0,0,3
7900423,0.016,0.984,0,0,0,0,4.6
7900424,0.005,0.995,0,0,0,0,4
7900432,0.016,0.984,0,0,0,0,2.9
7900434,0.02,0.98,0,0,0,0,1.4
7900511,0.108,0.892,0,0,0,0,1.2
7900512,0.164,0.836,0,0,0,0,3
7900513,0.007,0.993,0,0,0,0,3.4
7900515,0.058,0.942,0,0,0,0,1.6
7900516,0.02,0.98,0,0,0,0,1.1
7900521,0.117,0.883,0,0,0,0,4.2
7900522,0.061,0.939,0,0,0,0,4.4
7900523,0.808,0.192,0,0,0,0,4.2
7900524,0.024,0.976,0,0,0,0,4.6
8300114,0.004,0.996,0,0,0,0,5.4
8300116,0.011,0.989,0,0,0,0,4.3
8300117,0.011,0.989,0,0,0,0,4
8300121,0.007,0.993,0,0,0,0,4.3
8300122,0.046,0.954,0,0,0,0,3.3
8300125,0.03,0.97,0,0,0,0,5
8300126,0.184,0.816,0,0,0,0,5.4
8300211,0.005,0.995,0,0,0,0,4
8300212,0.018,0.982,0,0,0,0,5.1
8300213,0.006,0.994,0,0,0,0,4.2
8300215,0.007,0.993,0,0,0,0,4.7
8300221,0.005,0.995,0,0,0,0,5.3
8300222,0.02,0.98,0,0,0,0,2.9
8300223,0.006,0.994,0,0,0,0,4.1
8300225,0.006,0.994,0,0,0,0,3.4
8300311,0.022,0.978,0,0,0,0,3.4
8300313,0.011,0.989,0,0,0,0,5.3
8300314,0.005,0.995,0,0,0,0,4.2
8300412,0.007,0.993,0,0,0,0,5.4
8300413,0.005,0.995,0,0,0,0,4.7
8300422,0.005,0.995,0,0,0,0,3.6
8300425,0.014,0.986,0,0,0,0,3.1
8300426,0.005,0.995,0,0,0,0,4.8
8300511,0.01,0.99,0,0,0,0,5.4
8300513,0.007,0.993,0,0,0,0,3.1
8300534,0.009,0.991,0,0,0,0,6.4
8300615,0.004,0.996,0,0,0,0,5.2
8300623,0.008,0.992,0,0,0,0,2.4
8300624,0.001,0.999,0,0,0,0,5.1
8400114,0.011,0.989,0,0,0,0,4.2
8400115,0.009,0.991,0,0,0,0,3.3
8400116,0.005,0.995,0,0,0,0,4.1
8400117,0.166,0.834,0,0,0,0,5.1
8400121,0.071,0.929,0,0,0,0,3.8
8400122,0.063,0.937,0,0,0,0,3.6
8400124,0.15,0.85,0,0,0,0,3
8400211,0.223,0.777,0,0,0,0,3.6
8400212,0.08,0.92,0,0,0,0,2.1
8400213,0.007,0.993,0,0,0,0,4.2
8400214,0.026,0.974,0,0,0,0,2.8
8400222,0.01,0.99,0,0,0,0,7
8400231,0.03,0.97,0,0,0,0,2.4
8400232,0.203,0.797,0,0,0,0,4.4
8400313,0.041,0.959,0,0,0,0,2.7
8400321,0.023,0.977,0,0,0,0,4.3
8400414,0.009,0.991,0,0,0,0,4
8400424,0.007,0.993,0,0,0,0,2.4
8400425,0.016,0.984,0,0,0,0,3.5
8400431,0.012,0.988,0,0,0,0,4.5
8400432,0.009,0.991,0,0,0,0,6
8400433,0.017,0.983,0,0,0,0,0.8
8600114,0.003,0.997,0,0,0,0,5.4
8600116,0.007,0.993,0,0,0,0,3.5
8600121,0.008,0.992,0,0,0,0,3.1
8600133,0.008,0.992,0,0,0,0,5.6
8600135,0.007,0.993,0,0,0,0,2.9
8600136,0.01,0.99,0,0,0,0,4.8
8600137,0.017,0.983,0,0,0,0,1.8
8600138,0.01,0.99,0,0,0,0,4
8600211,0.009,0.991,0,0,0,0,2.5
8600212,0.017,0.983,0,0,0,0,3.1
8600213,0.021,0.979,0,0,0,0,2.9
8600216,0.01,0.99,0,0,0,0,4.3
8600221,0.006,0.994,0,0,0,0,3.3
8600222,0.004,0.996,0,0,0,0,5.1
8600225,0.018,0.982,0,0,0,0,3.2
8600311,0.014,0.986,0,0,0,0,3.1
8600312,0.003,0.997,0,0,0,0,4.3
8600313,0.006,0.994,0,0,0,0,3.4
8600314,0.011,0.989,0,0,0,0,2.5
8600321,0.044,0.956,0,0,0,0,4.4
8600322,0.056,0.944,0,0,0,0,2.8
8600324,0.009,0.991,0,0,0,0,5.4
8600411,0.001,0.999,0,0,0,0,5.9
8600412,0.007,0.993,0,0,0,0,5.6
8600414,0.038,0.962,0,0,0,0,2.6
9000111,0.034,0.966,0,0,0,0,2.7
9000113,0.04,0.96,0,0,0,0,1.8
9000131,0.006,0.994,0,0,0,0,2.4
9000133,0.004,0.996,0,0,0,0,1.6
9000212,0.019,0.981,0,0,0,0,4.7
9000214,0.008,0.992,0,0,0,0,5
9000215,0.025,0.975,0,0,0,0,1.9
9000216,0.029,0.971,0,0,0,0,3.8
9000221,0.003,0.997,0,0,0,0,3.1
9000225,0.017,0.983,0,0,0,0,3.8
9000311,0.02,0.98,0,0,0,0,3.6
9000312,0.022,0.978,0,0,0,0,4.8
9000412,0.007,0.993,0,0,0,0,2.6
9000413,0.003,0.997,0,0,0,0,7.1
9000414,0.008,0.992,0,0,0,0,6.6
9000415,0.044,0.956,0,0,0,0,6.5
9000421,0.009,0.991,0,0,0,0,5.7
9000423,0.004,0.996,0,0,0,0,4.5
9000431,0.131,0.869,0,0,0,0,2.9
9000432,0.019,0.981,0,0,0,0,3.9
9000433,0.011,0.989,0,0,0,0,1.7
9000434,0.034,0.966,0,0,0,0,4.3
9000511,0.01,0.99,0,0,0,0,2.3
9000512,0.044,0.956,0,0,0,0,3.4
9000513,0.014,0.986,0,0,0,0,3.3
9000521,0.039,0.961,0,0,0,0,2.6
9000522,0.008,0.992,0,0,0,0,2.9
9000523,0.009,0.991,0,0,0,0,3.3
9000613,0.004,0.996,0,0,0,0,4.5
9000614,0.009,0.991,0,0,0,0,2.2
9000631,0.028,0.972,0,0,0,0,4.8
9000642,0.009,0.991,0,0,0,0,4.4
9000643,0.009,0.991,0,0,0,0,4.9
9000645,0.007,0.993,0,0,0,0,8.6
30001011,0.044,0.956,0,0,0,0,4.4
30001012,0.024,0.976,0,0,0,0,4.6
30001013,0.014,0.986,0,0,0,0,3.7
30001014,0.102,0.898,0,0,0,0,3.1
30001015,0.427,0.573,0,0,0,0,4.2
30001016,0.425,0.575,0,0,0,0,3.2
30001022,0.054,0.946,0,0,0,0,1.4
30001031,0.531,0.469,0,0,0,0,5.9
30001032,0.493,0.507,0,0,0,0,3.2
30001034,0.725,0.275,0,0,0,0,4.9
30001035,0.806,0.194,0,0,0,0,4
30001041,0.013,0.987,0,0,0,0,1.5
30001043,0.059,0.941,0,0,0,0,3.3
30001044,0.288,0.712,0,0,0,0,1.6
30001121,0.059,0.941,0,0,0,0,2.2
30001122,0.132,0.868,0,0,0,0,3.8
30001123,0.039,0.961,0,0,0,0,1.5
30001124,0.211,0.789,0,0,0,0,3.1
30001131,0.007,0.993,0,0,0,0,3.2
30001132,0.108,0.892,0,0,0,0,4.1
30001133,0.035,0.965,0,0,0,0,1.8
30001134,0.06,0.94,0,0,0,0,1.4
30001141,0.014,0.986,0,0,0,0,4.3
30001142,0.053,0.947,0,0,0,0,1.7
30001143,0.086,0.914,0,0,0,0,3.5
30001211,0.057,0.943,0,0,0,0,2.4
30001212,0.066,0.934,0,0,0,0,3.5
30001213,0.01,0.99,0,0,0,0,2.4
30001214,0.022,0.978,0,0,0,0,2.4
30001215,0.101,0.899,0,0,0,0,4.5
30001216,0.237,0.763,0,0,0,0,4.1
30001217,0.102,0.898,0,0,0,0,4.3
30001221,0.294,0.706,0,0,0,0,5.7
30001222,0.056,0.944,0,0,0,0,4.5
30001223,0.169,0.831,0,0,0,0,3.3
30001311,0.336,0.664,0,0,0,0,2.6
30001312,0.23,0.77,0,0,0,0,3.2
30001313,0.057,0.943,0,0,0,0,2
30001314,0.051,0.949,0,0,0,0,2.2
30001321,0.171,0.829,0,0,0,0,1.9
30001322,0.125,0.875,0,0,0,0,1.1
30001332,0.031,0.969,0,0,0,0,2.9
30001333,0.092,0.908,0,0,0,0,1.9
30001334,0.015,0.985,0,0,0,0,2.6
30001335,0.024,0.976,0,0,0,0,2.8
30001341,0.017,0.983,0,0,0,0,1
30001342,0.055,0.945,0,0,0,0,4.8
30001343,0.024,0.976,0,0,0,0,2.3
30001344,0.055,0.945,0,0,0,0,3.2
30001345,0.121,0.879,0,0,0,0,1
30001352,0.041,0.959,0,0,0,0,2.8
30001353,0.012,0.988,0,0,0,0,2.5
30001354,0.035,0.965,0,0,0,0,2.8
30001355,0.02,0.98,0,0,0,0,2.5
30001622,0.077,0.923,0,0,0,0,8.8
30001623,0.019,0.981,0,0,0,0,1
30001631,0.022,0.978,0,0,0,0,3.1
30001632,0.031,0.969,0,0,0,0,5.9
30001633,0.013,0.987,0,0,0,0,5
30001634,0.045,0.955,0,0,0,0,4.6
30001642,0.04,0.96,0,0,0,0,2.7
