,0,1,2,3,4,5,6,7,8,9,10,11,12,13,14,15,16,17,18,19,20,21,22,23,24,25,26,27,28,29,30,31,32,33,34,35,36,37,38,39,40,41,42,43,44,45,46,47,48,49,50,51,52,53,54,55,56,57,58,59,60,61,62,63,64,65,66,67,68,69,70,71,72,73,74,75,76,77,78,79,80,81,82,83,84,85,86,87,88,89,90,91,92,93,94,95,96,97,98,99,100,101,102,103,104,105,106,107,108,109,110,111,112,113,114,115,116,117,118,119,120,121,122,123,124,125,126,127,128,129,130,131,132,133,134,135,136,137,138,139,140,141,142,143,144,145,146,147,148,149,150,151,152,153,154,155,156,157,158,159,160,161,162,163,164,165,166,167,168,169,170,171,172,173,174,175,176,177,178,179
2020-03-12,5.607188347197899e-08,5.607188347197899e-08,3.0839535909588443e-07,6.448266599277584e-07,4.205391260398424e-07,3.9250318430385296e-07,3.9250318430385296e-07,3.0839535909588443e-07,2.2428753388791595e-07,0.0,0.0,0.0,0.0,0.0,0.0,0.0,0.0,0.0,0.0,0.0,0.0,0.0,0.0,0.0,0.0,0.0,0.0,0.0,0.0,0.0,0.0,0.0,0.0,0.0,0.0,0.0,2.8035941735989494e-08,2.8035941735989494e-08,1.5419767954794221e-07,3.224133299638792e-07,2.102695630199212e-07,1.9625159215192648e-07,1.9625159215192648e-07,1.5419767954794221e-07,1.1214376694395797e-07,0.0,0.0,0.0,0.0,0.0,0.0,0.0,0.0,0.0,0.0,0.0,0.0,0.0,0.0,0.0,0.0,0.0,0.0,0.0,0.0,0.0,0.0,0.0,0.0,0.0,0.0,0.0,1.2015403601138354e-08,1.2015403601138354e-08,6.608471980626095e-08,1.3817714141309108e-07,9.011552700853766e-08,8.41078252079685e-08,8.41078252079685e-08,6.608471980626095e-08,4.806161440455342e-08,8.01026906742557e-09,8.01026906742557e-09,4.405647987084063e-08,9.211809427539405e-08,6.007701800569177e-08,5.6071883471978994e-08,5.6071883471978994e-08,4.405647987084063e-08,3.204107626970228e-08,2.0025672668563924e-08,2.0025672668563924e-08,1.1014119967710158e-07,2.3029523568848513e-07,1.5019254501422943e-07,1.401797086799475e-07,1.401797086799475e-07,1.1014119967710158e-07,8.01026906742557e-08,0.0,0.0,0.0,0.0,0.0,0.0,0.0,0.0,0.0,2.0025672668563924e-08,2.0025672668563924e-08,1.1014119967710158e-07,2.3029523568848513e-07,1.5019254501422943e-07,1.401797086799475e-07,1.401797086799475e-07,1.1014119967710158e-07,8.01026906742557e-08,6.408215253940456e-08,6.408215253940456e-08,3.5245183896672506e-07,7.369447542031524e-07,4.806161440455342e-07,4.4857506777583195e-07,4.4857506777583195e-07,3.5245183896672506e-07,2.5632861015761823e-07,4.806161440455342e-08,4.806161440455342e-08,2.643388792250438e-07,5.527085656523643e-07,3.6046210803415063e-07,3.36431300831874e-07,3.36431300831874e-07,2.643388792250438e-07,1.9224645761821367e-07,2.403080720227671e-08,2.403080720227671e-08,1.321694396125219e-07,2.7635428282618215e-07,1.8023105401707532e-07,1.68215650415937e-07,1.68215650415937e-07,1.321694396125219e-07,9.612322880910684e-08,2.403080720227671e-08,2.403080720227671e-08,1.321694396125219e-07,2.7635428282618215e-07,1.8023105401707532e-07,1.68215650415937e-07,1.68215650415937e-07,1.321694396125219e-07,9.612322880910684e-08,1.602053813485114e-08,1.602053813485114e-08,8.811295974168127e-08,1.842361885507881e-07,1.2015403601138354e-07,1.1214376694395799e-07,1.1214376694395799e-07,8.811295974168127e-08,6.408215253940456e-08,0.0,0.0,0.0,0.0,0.0,0.0,0.0,0.0,0.0,3.204107626970228e-08,3.204107626970228e-08,1.7622591948336253e-07,3.684723771015762e-07,2.403080720227671e-07,2.2428753388791597e-07,2.2428753388791597e-07,1.7622591948336253e-07,1.2816430507880911e-07
2020-03-13,4.515105078809106e-08,4.515105078809106e-08,2.4833077933450085e-07,5.192370840630473e-07,3.3863288091068295e-07,3.160573555166375e-07,3.160573555166375e-07,2.4833077933450085e-07,1.8060420315236425e-07,0.0,0.0,0.0,0.0,0.0,0.0,0.0,0.0,0.0,0.0,0.0,0.0,0.0,0.0,0.0,0.0,0.0,0.0,0.0,0.0,0.0,0.0,0.0,0.0,0.0,0.0,0.0,1.847088441330998e-08,1.847088441330998e-08,1.015898642732049e-07,2.124151707530648e-07,1.3853163309982485e-07,1.2929619089316988e-07,1.2929619089316988e-07,1.015898642732049e-07,7.388353765323992e-08,0.0,0.0,0.0,0.0,0.0,0.0,0.0,0.0,0.0,0.0,0.0,0.0,0.0,0.0,0.0,0.0,0.0,0.0,0.0,0.0,0.0,0.0,0.0,0.0,0.0,0.0,0.0,0.0,0.0,0.0,0.0,0.0,0.0,0.0,0.0,0.0,0.0,0.0,0.0,0.0,0.0,0.0,0.0,0.0,0.0,6.156961471103328e-09,6.156961471103328e-09,3.3863288091068307e-08,7.080505691768828e-08,4.6177211033274956e-08,4.30987302977233e-08,4.30987302977233e-08,3.3863288091068307e-08,2.4627845884413313e-08,6.156961471103328e-09,6.156961471103328e-09,3.3863288091068307e-08,7.080505691768828e-08,4.6177211033274956e-08,4.30987302977233e-08,4.30987302977233e-08,3.3863288091068307e-08,2.4627845884413313e-08,8.209281961471105e-09,8.209281961471105e-09,4.5151050788091076e-08,9.44067425569177e-08,6.156961471103328e-08,5.746497373029773e-08,5.746497373029773e-08,4.5151050788091076e-08,3.283712784588442e-08,4.3098730297723294e-08,4.3098730297723294e-08,2.370430166374781e-07,4.956353984238179e-07,3.232404772329247e-07,3.0169111208406305e-07,3.0169111208406305e-07,2.370430166374781e-07,1.7239492119089318e-07,3.283712784588442e-08,3.283712784588442e-08,1.806042031523643e-07,3.776269702276708e-07,2.462784588441331e-07,2.2985989492119093e-07,2.2985989492119093e-07,1.806042031523643e-07,1.3134851138353768e-07,1.641856392294221e-08,1.641856392294221e-08,9.030210157618215e-08,1.888134851138354e-07,1.2313922942206655e-07,1.1492994746059546e-07,1.1492994746059546e-07,9.030210157618215e-08,6.567425569176884e-08,2.873248686514886e-08,2.873248686514886e-08,1.5802867775831872e-07,3.304235989492119e-07,2.1549365148861645e-07,2.0112740805604205e-07,2.0112740805604205e-07,1.5802867775831872e-07,1.1492994746059544e-07,0.0,0.0,0.0,0.0,0.0,0.0,0.0,0.0,0.0,4.104640980735552e-09,4.104640980735552e-09,2.2575525394045538e-08,4.720337127845885e-08,3.078480735551664e-08,2.8732486865148866e-08,2.8732486865148866e-08,2.2575525394045538e-08,1.641856392294221e-08,2.0523204903677756e-08,2.0523204903677756e-08,1.1287762697022766e-07,2.360168563922942e-07,1.5392403677758317e-07,1.436624343257443e-07,1.436624343257443e-07,1.1287762697022766e-07,8.209281961471102e-08
2020-03-14,1.479234425415937e-07,1.479234425415937e-07,8.135789339787653e-07,1.7011195892283276e-06,1.1094258190619527e-06,1.0354640977911558e-06,1.0354640977911558e-06,8.135789339787653e-07,5.916937701663748e-07,0.0,0.0,0.0,0.0,0.0,0.0,0.0,0.0,0.0,0.0,0.0,0.0,0.0,0.0,0.0,0.0,0.0,0.0,1.376032023642732e-08,1.376032023642732e-08,7.568176130035027e-08,1.582436827189142e-07,1.032024017732049e-07,9.632224165499125e-08,9.632224165499125e-08,7.568176130035027e-08,5.504128094570928e-08,2.752064047285464e-08,2.752064047285464e-08,1.5136352260070054e-07,3.164873654378284e-07,2.064048035464098e-07,1.926444833099825e-07,1.926444833099825e-07,1.5136352260070054e-07,1.1008256189141856e-07,0.0,0.0,0.0,0.0,0.0,0.0,0.0,0.0,0.0,0.0,0.0,0.0,0.0,0.0,0.0,0.0,0.0,0.0,0.0,0.0,0.0,0.0,0.0,0.0,0.0,0.0,0.0,0.0,0.0,0.0,0.0,0.0,0.0,0.0,0.0,0.0,3.44008005910683e-08,3.44008005910683e-08,1.8920440325087566e-07,3.9560920679728544e-07,2.580060044330122e-07,2.4080560413747814e-07,2.4080560413747814e-07,1.8920440325087566e-07,1.376032023642732e-07,6.192144106392294e-08,6.192144106392294e-08,3.405679258515762e-07,7.120965722351139e-07,4.6441080797942206e-07,4.334500874474606e-07,4.334500874474606e-07,3.405679258515762e-07,2.476857642556918e-07,0.0,0.0,0.0,0.0,0.0,0.0,0.0,0.0,0.0,3.44008005910683e-08,3.44008005910683e-08,1.8920440325087566e-07,3.9560920679728544e-07,2.580060044330122e-07,2.4080560413747814e-07,2.4080560413747814e-07,1.8920440325087566e-07,1.376032023642732e-07,3.44008005910683e-08,3.44008005910683e-08,1.8920440325087566e-07,3.9560920679728544e-07,2.580060044330122e-07,2.4080560413747814e-07,2.4080560413747814e-07,1.8920440325087566e-07,1.376032023642732e-07,3.096072053196147e-08,3.096072053196147e-08,1.702839629257881e-07,3.5604828611755694e-07,2.3220540398971103e-07,2.167250437237303e-07,2.167250437237303e-07,1.702839629257881e-07,1.238428821278459e-07,8.256192141856392e-08,8.256192141856392e-08,4.540905678021016e-07,9.494620963134852e-07,6.192144106392294e-07,5.779334499299475e-07,5.779334499299475e-07,4.540905678021016e-07,3.302476856742557e-07,3.784088065017513e-08,3.784088065017513e-08,2.0812484357596322e-07,4.35170127477014e-07,2.8380660487631346e-07,2.6488616455122595e-07,2.6488616455122595e-07,2.0812484357596322e-07,1.513635226007005e-07,3.44008005910683e-08,3.44008005910683e-08,1.8920440325087566e-07,3.9560920679728544e-07,2.580060044330122e-07,2.4080560413747814e-07,2.4080560413747814e-07,1.8920440325087566e-07,1.376032023642732e-07,0.0,0.0,0.0,0.0,0.0,0.0,0.0,0.0,0.0,3.784088065017513e-08,3.784088065017513e-08,2.0812484357596322e-07,4.35170127477014e-07,2.8380660487631346e-07,2.6488616455122595e-07,2.6488616455122595e-07,2.0812484357596322e-07,1.513635226007005e-07
2020-03-15,1.734001394264448e-07,1.734001394264448e-07,9.537007668454463e-07,1.9941016034041153e-06,1.300501045698336e-06,1.2138009759851137e-06,1.2138009759851137e-06,9.537007668454463e-07,6.936005577057792e-07,2.6973355021891414e-08,2.6973355021891414e-08,1.4835345262040277e-07,3.101935827517513e-07,2.023001626641856e-07,1.8881348515323993e-07,1.8881348515323993e-07,1.4835345262040277e-07,1.0789342008756566e-07,0.0,0.0,0.0,0.0,0.0,0.0,0.0,0.0,0.0,0.0,0.0,0.0,0.0,0.0,0.0,0.0,0.0,0.0,5.009337361208406e-08,5.009337361208406e-08,2.7551355486646233e-07,5.760737965389666e-07,3.757003020906304e-07,3.506536152845884e-07,3.506536152845884e-07,2.7551355486646233e-07,2.0037349444833624e-07,0.0,0.0,0.0,0.0,0.0,0.0,0.0,0.0,0.0,0.0,0.0,0.0,0.0,0.0,0.0,0.0,0.0,0.0,1.9266682158493865e-08,1.9266682158493865e-08,1.0596675187171626e-07,2.2156684482267946e-07,1.4450011618870399e-07,1.3486677510945708e-07,1.3486677510945708e-07,1.0596675187171626e-07,7.706672863397546e-08,0.0,0.0,0.0,0.0,0.0,0.0,0.0,0.0,0.0,3.853336431698773e-08,3.853336431698773e-08,2.1193350374343253e-07,4.431336896453589e-07,2.8900023237740797e-07,2.6973355021891416e-07,2.6973355021891416e-07,2.1193350374343253e-07,1.5413345726795092e-07,6.936005577057792e-08,6.936005577057792e-08,3.8148030673817857e-07,7.976406413616462e-07,5.202004182793345e-07,4.855203903940456e-07,4.855203903940456e-07,3.8148030673817857e-07,2.774402230823117e-07,0.0,0.0,0.0,0.0,0.0,0.0,0.0,0.0,0.0,7.706672863397546e-08,7.706672863397546e-08,4.2386700748686505e-07,8.862673792907178e-07,5.780004647548159e-07,5.394671004378283e-07,5.394671004378283e-07,4.2386700748686505e-07,3.0826691453590183e-07,2.6973355021891414e-08,2.6973355021891414e-08,1.4835345262040277e-07,3.101935827517513e-07,2.023001626641856e-07,1.8881348515323993e-07,1.8881348515323993e-07,1.4835345262040277e-07,1.0789342008756566e-07,3.082669145359019e-08,3.082669145359019e-08,1.6954680299474604e-07,3.545069517162872e-07,2.3120018590192641e-07,2.1578684017513137e-07,2.1578684017513137e-07,1.6954680299474604e-07,1.2330676581436077e-07,1.0789342008756566e-07,1.0789342008756566e-07,5.934138104816111e-07,1.2407743310070052e-06,8.092006506567424e-07,7.552539406129597e-07,7.552539406129597e-07,5.934138104816111e-07,4.3157368035026263e-07,3.853336431698773e-08,3.853336431698773e-08,2.1193350374343253e-07,4.431336896453589e-07,2.8900023237740797e-07,2.6973355021891416e-07,2.6973355021891416e-07,2.1193350374343253e-07,1.5413345726795092e-07,4.2386700748686504e-08,4.2386700748686504e-08,2.3312685411777577e-07,4.874470586098949e-07,3.1790025561514876e-07,2.9670690524080555e-07,2.9670690524080555e-07,2.3312685411777577e-07,1.6954680299474602e-07,0.0,0.0,0.0,0.0,0.0,0.0,0.0,0.0,0.0,5.394671004378283e-08,5.394671004378283e-08,2.9670690524080555e-07,6.203871655035026e-07,4.046003253283712e-07,3.7762697030647986e-07,3.7762697030647986e-07,2.9670690524080555e-07,2.1578684017513132e-07
2020-03-16,1.8830122591943958e-07,1.8830122591943958e-07,1.0356567425569177e-06,2.1654640980735553e-06,1.412259194395797e-06,1.3181085814360772e-06,1.3181085814360772e-06,1.0356567425569177e-06,7.532049036777583e-07,3.138353765323993e-08,3.138353765323993e-08,1.7260945709281961e-07,3.6091068301225917e-07,2.3537653239929946e-07,2.1968476357267952e-07,2.1968476357267952e-07,1.7260945709281961e-07,1.255341506129597e-07,0.0,0.0,0.0,0.0,0.0,0.0,0.0,0.0,0.0,0.0,0.0,0.0,0.0,0.0,0.0,0.0,0.0,0.0,3.138353765323993e-08,3.138353765323993e-08,1.7260945709281961e-07,3.6091068301225917e-07,2.3537653239929946e-07,2.1968476357267952e-07,2.1968476357267952e-07,1.7260945709281961e-07,1.255341506129597e-07,0.0,0.0,0.0,0.0,0.0,0.0,0.0,0.0,0.0,0.0,0.0,0.0,0.0,0.0,0.0,0.0,0.0,0.0,1.9614711033274953e-08,1.9614711033274953e-08,1.0788091068301223e-07,2.2556917688266196e-07,1.4711033274956212e-07,1.3730297723292468e-07,1.3730297723292468e-07,1.0788091068301223e-07,7.845884413309981e-08,0.0,0.0,0.0,0.0,0.0,0.0,0.0,0.0,0.0,2.7460595446584936e-08,2.7460595446584936e-08,1.5103327495621715e-07,3.1579684763572677e-07,2.0595446584938702e-07,1.9222416812609458e-07,1.9222416812609458e-07,1.5103327495621715e-07,1.0984238178633975e-07,8.238178633975481e-08,8.238178633975481e-08,4.5309982486865145e-07,9.473905429071802e-07,6.17863397548161e-07,5.766725043782837e-07,5.766725043782837e-07,4.5309982486865145e-07,3.2952714535901924e-07,3.138353765323993e-08,3.138353765323993e-08,1.7260945709281961e-07,3.6091068301225917e-07,2.3537653239929946e-07,2.1968476357267952e-07,2.1968476357267952e-07,1.7260945709281961e-07,1.255341506129597e-07,2.7460595446584936e-08,2.7460595446584936e-08,1.5103327495621715e-07,3.1579684763572677e-07,2.0595446584938702e-07,1.9222416812609458e-07,1.9222416812609458e-07,1.5103327495621715e-07,1.0984238178633975e-07,1.1768826619964973e-07,1.1768826619964973e-07,6.472854640980734e-07,1.3534150612959719e-06,8.826619964973729e-07,8.238178633975481e-07,8.238178633975481e-07,6.472854640980734e-07,4.707530647985989e-07,8.630472854640978e-08,8.630472854640978e-08,4.746760070052538e-07,9.925043782837127e-07,6.472854640980733e-07,6.041330998248686e-07,6.041330998248686e-07,4.746760070052538e-07,3.452189141856391e-07,2.3145359019264446e-07,2.3145359019264446e-07,1.2729947460595444e-06,2.6617162872154112e-06,1.7359019264448333e-06,1.6201751313485113e-06,1.6201751313485113e-06,1.2729947460595444e-06,9.258143607705778e-07,3.9229422066549905e-08,3.9229422066549905e-08,2.1576182136602447e-07,4.511383537653239e-07,2.9422066549912425e-07,2.7460595446584936e-07,2.7460595446584936e-07,2.1576182136602447e-07,1.5691768826619962e-07,1.9614711033274953e-08,1.9614711033274953e-08,1.0788091068301223e-07,2.2556917688266196e-07,1.4711033274956212e-07,1.3730297723292468e-07,1.3730297723292468e-07,1.0788091068301223e-07,7.845884413309981e-08,0.0,0.0,0.0,0.0,0.0,0.0,0.0,0.0,0.0,4.7075306479859896e-08,4.7075306479859896e-08,2.589141856392294e-07,5.413660245183888e-07,3.5306479859894923e-07,3.295271453590193e-07,3.295271453590193e-07,2.589141856392294e-07,1.8830122591943958e-07
2020-03-17,2.3250412721541158e-07,2.3250412721541158e-07,1.2787726996847636e-06,2.673797462977233e-06,1.7437809541155866e-06,1.627528890507881e-06,1.627528890507881e-06,1.2787726996847636e-06,9.300165088616463e-07,3.632876987740806e-08,3.632876987740806e-08,1.9980823432574432e-07,4.177808535901927e-07,2.7246577408056043e-07,2.543013891418564e-07,2.543013891418564e-07,1.9980823432574432e-07,1.4531507950963225e-07,0.0,0.0,0.0,0.0,0.0,0.0,0.0,0.0,0.0,0.0,0.0,0.0,0.0,0.0,0.0,0.0,0.0,0.0,0.0,0.0,0.0,0.0,0.0,0.0,0.0,0.0,0.0,0.0,0.0,0.0,0.0,0.0,0.0,0.0,0.0,0.0,0.0,0.0,0.0,0.0,0.0,0.0,0.0,0.0,0.0,1.816438493870403e-08,1.816438493870403e-08,9.990411716287216e-08,2.0889042679509635e-07,1.3623288704028022e-07,1.271506945709282e-07,1.271506945709282e-07,9.990411716287216e-08,7.265753975481612e-08,0.0,0.0,0.0,0.0,0.0,0.0,0.0,0.0,0.0,2.1797261926444834e-08,2.1797261926444834e-08,1.198849405954466e-07,2.506685121541156e-07,1.6347946444833625e-07,1.5258083348511386e-07,1.5258083348511386e-07,1.198849405954466e-07,8.718904770577934e-08,6.90246627670753e-08,6.90246627670753e-08,3.796356452189142e-07,7.937836218213661e-07,5.176849707530647e-07,4.831726393695272e-07,4.831726393695272e-07,3.796356452189142e-07,2.760986510683012e-07,5.449315481611208e-08,5.449315481611208e-08,2.9971235148861644e-07,6.26671280385289e-07,4.086986611208406e-07,3.8145208371278463e-07,3.8145208371278463e-07,2.9971235148861644e-07,2.1797261926444833e-07,3.632876987740806e-08,3.632876987740806e-08,1.9980823432574432e-07,4.177808535901927e-07,2.7246577408056043e-07,2.543013891418564e-07,2.543013891418564e-07,1.9980823432574432e-07,1.4531507950963225e-07,1.198849405954466e-07,1.198849405954466e-07,6.593671732749562e-07,1.3786768168476358e-06,8.991370544658493e-07,8.391945841681262e-07,8.391945841681262e-07,6.593671732749562e-07,4.795397623817864e-07,1.0172055565674256e-07,1.0172055565674256e-07,5.594630561120841e-07,1.1697863900525395e-06,7.629041674255692e-07,7.12043889597198e-07,7.12043889597198e-07,5.594630561120841e-07,4.0688222262697026e-07,2.2523837323992994e-07,2.2523837323992994e-07,1.2388110528196147e-06,2.5902412922591943e-06,1.6892877992994744e-06,1.5766686126795097e-06,1.5766686126795097e-06,1.2388110528196147e-06,9.009534929597198e-07,5.086027782837128e-08,5.086027782837128e-08,2.7973152805604204e-07,5.848931950262698e-07,3.814520837127846e-07,3.56021944798599e-07,3.56021944798599e-07,2.7973152805604204e-07,2.0344111131348513e-07,0.0,0.0,0.0,0.0,0.0,0.0,0.0,0.0,0.0,0.0,0.0,0.0,0.0,0.0,0.0,0.0,0.0,0.0,4.722740084063048e-08,4.722740084063048e-08,2.5975070462346765e-07,5.431151096672505e-07,3.5420550630472857e-07,3.305918058844134e-07,3.305918058844134e-07,2.5975070462346765e-07,1.8890960336252193e-07
2020-03-18,2.14862639474606e-07,2.14862639474606e-07,1.1817445171103329e-06,2.470920353957969e-06,1.6114697960595448e-06,1.504038476322242e-06,1.504038476322242e-06,1.1817445171103329e-06,8.59450557898424e-07,0.0,0.0,0.0,0.0,0.0,0.0,0.0,0.0,0.0,0.0,0.0,0.0,0.0,0.0,0.0,0.0,0.0,0.0,3.133413492338004e-08,3.133413492338004e-08,1.723377420785902e-07,3.603425516188705e-07,2.350060119253503e-07,2.1933894446366031e-07,2.1933894446366031e-07,1.723377420785902e-07,1.2533653969352016e-07,2.2381524945271457e-08,2.2381524945271457e-08,1.23098387198993e-07,2.5738753687062177e-07,1.6786143708953593e-07,1.566706746169002e-07,1.566706746169002e-07,1.23098387198993e-07,8.952609978108583e-08,0.0,0.0,0.0,0.0,0.0,0.0,0.0,0.0,0.0,0.0,0.0,0.0,0.0,0.0,0.0,0.0,0.0,0.0,2.2381524945271457e-08,2.2381524945271457e-08,1.23098387198993e-07,2.5738753687062177e-07,1.6786143708953593e-07,1.566706746169002e-07,1.566706746169002e-07,1.23098387198993e-07,8.952609978108583e-08,0.0,0.0,0.0,0.0,0.0,0.0,0.0,0.0,0.0,2.2381524945271457e-08,2.2381524945271457e-08,1.23098387198993e-07,2.5738753687062177e-07,1.6786143708953593e-07,1.566706746169002e-07,1.566706746169002e-07,1.23098387198993e-07,8.952609978108583e-08,9.84787097591944e-08,9.84787097591944e-08,5.416329036755692e-07,1.1325051622307356e-06,7.385903231939579e-07,6.893509683143609e-07,6.893509683143609e-07,5.416329036755692e-07,3.939148390367776e-07,2.2381524945271457e-08,2.2381524945271457e-08,1.23098387198993e-07,2.5738753687062177e-07,1.6786143708953593e-07,1.566706746169002e-07,1.566706746169002e-07,1.23098387198993e-07,8.952609978108583e-08,3.581043991243433e-08,3.581043991243433e-08,1.9695741951838882e-07,4.118200589929948e-07,2.6857829934325747e-07,2.5067307938704033e-07,2.5067307938704033e-07,1.9695741951838882e-07,1.4324175964973733e-07,1.029550147482487e-07,1.029550147482487e-07,5.662525811153679e-07,1.1839826696048602e-06,7.721626106118653e-07,7.20685103237741e-07,7.20685103237741e-07,5.662525811153679e-07,4.118200589929948e-07,7.609718481392296e-08,7.609718481392296e-08,4.1853451647657626e-07,8.75117625360114e-07,5.707288861044222e-07,5.326802936974608e-07,5.326802936974608e-07,4.1853451647657626e-07,3.0438873925569184e-07,3.715333140915062e-07,3.715333140915062e-07,2.0434332275032842e-06,4.2726331120523215e-06,2.7864998556862965e-06,2.6007331986405435e-06,2.6007331986405435e-06,2.0434332275032842e-06,1.4861332563660247e-06,4.028674490148862e-08,4.028674490148862e-08,2.2157709695818742e-07,4.632975663671192e-07,3.0215058676116466e-07,2.820072143104204e-07,2.820072143104204e-07,2.2157709695818742e-07,1.611469796059545e-07,5.37156598686515e-08,5.37156598686515e-08,2.954361292775832e-07,6.177300884894922e-07,4.028674490148862e-07,3.760096190805605e-07,3.760096190805605e-07,2.954361292775832e-07,2.14862639474606e-07,0.0,0.0,0.0,0.0,0.0,0.0,0.0,0.0,0.0,8.504979479203154e-08,8.504979479203154e-08,4.6777387135617346e-07,9.780726401083627e-07,6.378734609402365e-07,5.953485635442208e-07,5.953485635442208e-07,4.6777387135617346e-07,3.4019917916812617e-07
2020-03-19,1.6131239054290714e-07,1.6131239054290714e-07,8.872181479859893e-07,1.8550924912434322e-06,1.2098429290718036e-06,1.1291867338003502e-06,1.1291867338003502e-06,8.872181479859893e-07,6.452495621716286e-07,1.7923598949211908e-08,1.7923598949211908e-08,9.85797942206655e-08,2.0612138791593696e-07,1.344269921190893e-07,1.2546519264448336e-07,1.2546519264448336e-07,9.85797942206655e-08,7.169439579684763e-08,0.0,0.0,0.0,0.0,0.0,0.0,0.0,0.0,0.0,2.8677758318739057e-08,2.8677758318739057e-08,1.577276707530648e-07,3.297942206654991e-07,2.150831873905429e-07,2.007443082311734e-07,2.007443082311734e-07,1.577276707530648e-07,1.1471103327495623e-07,1.7923598949211908e-08,1.7923598949211908e-08,9.85797942206655e-08,2.0612138791593696e-07,1.344269921190893e-07,1.2546519264448336e-07,1.2546519264448336e-07,9.85797942206655e-08,7.169439579684763e-08,0.0,0.0,0.0,0.0,0.0,0.0,0.0,0.0,0.0,0.0,0.0,0.0,0.0,0.0,0.0,0.0,0.0,0.0,1.7923598949211908e-08,1.7923598949211908e-08,9.85797942206655e-08,2.0612138791593696e-07,1.344269921190893e-07,1.2546519264448336e-07,1.2546519264448336e-07,9.85797942206655e-08,7.169439579684763e-08,0.0,0.0,0.0,0.0,0.0,0.0,0.0,0.0,0.0,2.1508318739054294e-08,2.1508318739054294e-08,1.1829575306479861e-07,2.473456654991244e-07,1.613123905429072e-07,1.5055823117338006e-07,1.5055823117338006e-07,1.1829575306479861e-07,8.603327495621718e-08,4.6601357267950965e-08,4.6601357267950965e-08,2.563074649737303e-07,5.35915608581436e-07,3.495101795096322e-07,3.262095008756568e-07,3.262095008756568e-07,2.563074649737303e-07,1.8640542907180386e-07,1.4338879159369528e-08,1.4338879159369528e-08,7.88638353765324e-08,1.6489711033274956e-07,1.0754159369527145e-07,1.003721541155867e-07,1.003721541155867e-07,7.88638353765324e-08,5.735551663747811e-08,2.1508318739054294e-08,2.1508318739054294e-08,1.1829575306479861e-07,2.473456654991244e-07,1.613123905429072e-07,1.5055823117338006e-07,1.5055823117338006e-07,1.1829575306479861e-07,8.603327495621718e-08,6.094023642732048e-08,6.094023642732048e-08,3.351713003502627e-07,7.008127189141856e-07,4.5705177320490363e-07,4.2658165499124345e-07,4.2658165499124345e-07,3.351713003502627e-07,2.4376094570928193e-07,3.94319176882662e-08,3.94319176882662e-08,2.168755472854641e-07,4.534670534150613e-07,2.957393826619965e-07,2.760234238178634e-07,2.760234238178634e-07,2.168755472854641e-07,1.577276707530648e-07,2.7602342381786344e-07,2.7602342381786344e-07,1.5181288309982488e-06,3.1742693739054295e-06,2.0701756786339755e-06,1.932163966725044e-06,1.932163966725044e-06,1.5181288309982488e-06,1.1040936952714538e-06,3.5847197898423816e-08,3.5847197898423816e-08,1.97159588441331e-07,4.122427758318739e-07,2.688539842381786e-07,2.509303852889667e-07,2.509303852889667e-07,1.97159588441331e-07,1.4338879159369526e-07,5.018607705779335e-08,5.018607705779335e-08,2.760234238178634e-07,5.771398861646235e-07,3.763955779334501e-07,3.5130253940455345e-07,3.5130253940455345e-07,2.760234238178634e-07,2.007443082311734e-07,0.0,0.0,0.0,0.0,0.0,0.0,0.0,0.0,0.0,5.018607705779335e-08,5.018607705779335e-08,2.760234238178634e-07,5.771398861646235e-07,3.763955779334501e-07,3.5130253940455345e-07,3.5130253940455345e-07,2.760234238178634e-07,2.007443082311734e-07
2020-03-20,2.2761370704028024e-07,2.2761370704028024e-07,1.2518753887215413e-06,2.6175576309632225e-06,1.7071028028021016e-06,1.5932959492819617e-06,1.5932959492819617e-06,1.2518753887215413e-06,9.10454828161121e-07,3.8933923572679513e-08,3.8933923572679513e-08,2.141365796497373e-07,4.477401210858144e-07,2.920044267950963e-07,2.725374650087566e-07,2.725374650087566e-07,2.141365796497373e-07,1.5573569429071805e-07,0.0,0.0,0.0,0.0,0.0,0.0,0.0,0.0,0.0,0.0,0.0,0.0,0.0,0.0,0.0,0.0,0.0,0.0,3.8933923572679513e-08,3.8933923572679513e-08,2.141365796497373e-07,4.477401210858144e-07,2.920044267950963e-07,2.725374650087566e-07,2.725374650087566e-07,2.141365796497373e-07,1.5573569429071805e-07,2.096442038528897e-08,2.096442038528897e-08,1.1530431211908933e-07,2.4109083443082314e-07,1.5723315288966725e-07,1.467509426970228e-07,1.467509426970228e-07,1.1530431211908933e-07,8.385768154115588e-08,0.0,0.0,0.0,0.0,0.0,0.0,0.0,0.0,0.0,3.8933923572679513e-08,3.8933923572679513e-08,2.141365796497373e-07,4.477401210858144e-07,2.920044267950963e-07,2.725374650087566e-07,2.725374650087566e-07,2.141365796497373e-07,1.5573569429071805e-07,0.0,0.0,0.0,0.0,0.0,0.0,0.0,0.0,0.0,0.0,0.0,0.0,0.0,0.0,0.0,0.0,0.0,0.0,1.497458598949212e-08,1.497458598949212e-08,8.236022294220666e-08,1.7220773887915938e-07,1.1230939492119088e-07,1.0482210192644483e-07,1.0482210192644483e-07,8.236022294220666e-08,5.989834395796848e-08,1.7969503187390543e-08,1.7969503187390543e-08,9.883226753064799e-08,2.0664928665499125e-07,1.3477127390542906e-07,1.2578652231173383e-07,1.2578652231173383e-07,9.883226753064799e-08,7.187801274956217e-08,2.994917197898424e-08,2.994917197898424e-08,1.6472044588441331e-07,3.4441547775831875e-07,2.2461878984238177e-07,2.0964420385288967e-07,2.0964420385288967e-07,1.6472044588441331e-07,1.1979668791593696e-07,4.4923757968476353e-08,4.4923757968476353e-08,2.4708066882661993e-07,5.16623216637478e-07,3.3692818476357264e-07,3.144663057793345e-07,3.144663057793345e-07,2.4708066882661993e-07,1.7969503187390541e-07,3.5939006374781087e-08,3.5939006374781087e-08,1.9766453506129599e-07,4.132985733099825e-07,2.695425478108581e-07,2.5157304462346765e-07,2.5157304462346765e-07,1.9766453506129599e-07,1.4375602549912435e-07,2.7852729940455346e-07,2.7852729940455346e-07,1.531900146725044e-06,3.2030639431523648e-06,2.0889547455341507e-06,1.949691095831874e-06,1.949691095831874e-06,1.531900146725044e-06,1.1141091976182138e-06,5.3908509562171633e-08,5.3908509562171633e-08,2.96496802591944e-07,6.199478599649738e-07,4.043138217162872e-07,3.7735956693520145e-07,3.7735956693520145e-07,2.96496802591944e-07,2.1563403824868653e-07,3.5939006374781087e-08,3.5939006374781087e-08,1.9766453506129599e-07,4.132985733099825e-07,2.695425478108581e-07,2.5157304462346765e-07,2.5157304462346765e-07,1.9766453506129599e-07,1.4375602549912435e-07,0.0,0.0,0.0,0.0,0.0,0.0,0.0,0.0,0.0,4.192884077057794e-08,4.192884077057794e-08,2.3060862423817866e-07,4.821816688616463e-07,3.144663057793345e-07,2.935018853940456e-07,2.935018853940456e-07,2.3060862423817866e-07,1.6771536308231176e-07
2020-03-21,1.9263405649080564e-07,1.9263405649080564e-07,1.059487310699431e-06,2.215291649644265e-06,1.4447554236810423e-06,1.3484383954356396e-06,1.3484383954356396e-06,1.059487310699431e-06,7.705362259632226e-07,1.872474850043783e-08,1.872474850043783e-08,1.0298611675240807e-07,2.1533460775503505e-07,1.404356137532837e-07,1.3107323950306482e-07,1.3107323950306482e-07,1.0298611675240807e-07,7.489899400175133e-08,1.2055659993432576e-08,1.2055659993432576e-08,6.630612996387916e-08,1.386400899244746e-07,9.04174499507443e-08,8.438961995402803e-08,8.438961995402803e-08,6.630612996387916e-08,4.8222639973730304e-08,1.846824509632224e-08,1.846824509632224e-08,1.0157534802977232e-07,2.1238481860770578e-07,1.385118382224168e-07,1.292777156742557e-07,1.292777156742557e-07,1.0157534802977232e-07,7.387298038528896e-08,2.7702367644483355e-08,2.7702367644483355e-08,1.5236302204465846e-07,3.185772279115586e-07,2.0776775733362516e-07,1.939165735113835e-07,1.939165735113835e-07,1.5236302204465846e-07,1.1080947057793342e-07,2.821537445271454e-08,2.821537445271454e-08,1.5518455948992996e-07,3.244768062062172e-07,2.1161530839535905e-07,1.9750762116900179e-07,1.9750762116900179e-07,1.5518455948992996e-07,1.1286149781085817e-07,2.821537445271454e-09,2.821537445271454e-09,1.5518455948992996e-08,3.244768062062172e-08,2.1161530839535905e-08,1.9750762116900178e-08,1.9750762116900178e-08,1.5518455948992996e-08,1.1286149781085816e-08,3.744949700087566e-08,3.744949700087566e-08,2.0597223350481614e-07,4.306692155100701e-07,2.808712275065674e-07,2.6214647900612965e-07,2.6214647900612965e-07,2.0597223350481614e-07,1.4979798800350265e-07,2.2828802966287214e-08,2.2828802966287214e-08,1.255584163145797e-07,2.62531234112303e-07,1.7121602224715412e-07,1.5980162076401053e-07,1.5980162076401053e-07,1.255584163145797e-07,9.131521186514886e-08,3.8988517425569186e-08,3.8988517425569186e-08,2.1443684584063054e-07,4.4836795039404567e-07,2.924138806917689e-07,2.7291962197898436e-07,2.7291962197898436e-07,2.1443684584063054e-07,1.5595406970227674e-07,1.0465338887915942e-07,1.0465338887915942e-07,5.755936388353768e-07,1.2035139721103333e-06,7.849004165936956e-07,7.32573722154116e-07,7.32573722154116e-07,5.755936388353768e-07,4.186135555166377e-07,5.3352708056042037e-08,5.3352708056042037e-08,2.9343989430823116e-07,6.135561426444834e-07,4.0014531042031525e-07,3.7346895639229425e-07,3.7346895639229425e-07,2.9343989430823116e-07,2.1341083222416815e-07,8.07985722964098e-08,8.07985722964098e-08,4.443921476302539e-07,9.291835814087128e-07,6.059892922230736e-07,5.655900060748687e-07,5.655900060748687e-07,4.443921476302539e-07,3.231942891856392e-07,1.0157534802977231e-07,1.0157534802977231e-07,5.586644141637477e-07,1.1681165023423815e-06,7.618151102232923e-07,7.110274362084063e-07,7.110274362084063e-07,5.586644141637477e-07,4.0630139211908923e-07,5.053117061077059e-08,5.053117061077059e-08,2.7792143835923823e-07,5.811084620238618e-07,3.789837795807794e-07,3.5371819427539416e-07,3.5371819427539416e-07,2.7792143835923823e-07,2.0212468244308236e-07,1.5672357991462353e-07,1.5672357991462353e-07,8.619796895304294e-07,1.8023211690181707e-06,1.1754268493596763e-06,1.0970650594023648e-06,1.0970650594023648e-06,8.619796895304294e-07,6.268943196584941e-07,3.924502082968476e-08,3.924502082968476e-08,2.1584761456326615e-07,4.513177395413747e-07,2.9433765622263567e-07,2.7471514580779333e-07,2.7471514580779333e-07,2.1584761456326615e-07,1.5698008331873903e-07,3.565397317206655e-08,3.565397317206655e-08,1.96096852446366e-07,4.100206914787653e-07,2.6740479879049907e-07,2.4957781220446586e-07,2.4957781220446586e-07,1.96096852446366e-07,1.426158926882662e-07,2.565034041155867e-09,2.565034041155867e-09,1.4107687226357269e-08,2.9497891473292473e-08,1.9237755308669e-08,1.795523828809107e-08,1.795523828809107e-08,1.4107687226357269e-08,1.0260136164623468e-08,5.20701910354641e-08,5.20701910354641e-08,2.8638605069505256e-07,5.988071969078371e-07,3.905264327659807e-07,3.644913372482487e-07,3.644913372482487e-07,2.8638605069505256e-07,2.082807641418564e-07
2020-03-22,1.8245420775919434e-07,1.8245420775919434e-07,1.0034981426755687e-06,2.098223389230735e-06,1.3684065581939574e-06,1.2771794543143604e-06,1.2771794543143604e-06,1.0034981426755687e-06,7.298168310367774e-07,1.7735229249562174e-08,1.7735229249562174e-08,9.754376087259196e-08,2.03955136369965e-07,1.330142193717163e-07,1.2414660474693523e-07,1.2414660474693523e-07,9.754376087259196e-08,7.09409169982487e-08,1.1418572256567425e-08,1.1418572256567425e-08,6.280214741112083e-08,1.3131358095052538e-07,8.563929192425568e-08,7.993000579597198e-08,7.993000579597198e-08,6.280214741112083e-08,4.56742890262697e-08,1.7492280903677758e-08,1.7492280903677758e-08,9.620754497022767e-08,2.0116123039229423e-07,1.3119210677758317e-07,1.224459663257443e-07,1.224459663257443e-07,9.620754497022767e-08,6.996912361471103e-08,2.6238421355516634e-08,2.6238421355516634e-08,1.443113174553415e-07,3.0174184558844133e-07,1.9678816016637477e-07,1.8366894948861646e-07,1.8366894948861646e-07,1.443113174553415e-07,1.0495368542206654e-07,2.672431804728547e-08,2.672431804728547e-08,1.4698374926007006e-07,3.073296575437829e-07,2.00432385354641e-07,1.870702263309983e-07,1.870702263309983e-07,1.4698374926007006e-07,1.0689727218914188e-07,2.6724318047285467e-09,2.6724318047285467e-09,1.4698374926007006e-08,3.073296575437829e-08,2.00432385354641e-08,1.8707022633099828e-08,1.8707022633099828e-08,1.4698374926007006e-08,1.0689727218914187e-08,3.547045849912435e-08,3.547045849912435e-08,1.9508752174518392e-07,4.0791027273993e-07,2.660284387434326e-07,2.4829320949387045e-07,2.4829320949387045e-07,1.9508752174518392e-07,1.418818339964974e-07,2.1622402783712787e-08,2.1622402783712787e-08,1.1892321531042033e-07,2.4865763201269707e-07,1.621680208778459e-07,1.5135681948598952e-07,1.5135681948598952e-07,1.1892321531042033e-07,8.648961113485115e-08,3.692814857443084e-08,3.692814857443084e-08,2.0310481715936958e-07,4.246737086059546e-07,2.7696111430823124e-07,2.5849704002101584e-07,2.5849704002101584e-07,2.0310481715936958e-07,1.4771259429772335e-07,9.912292512084068e-08,9.912292512084068e-08,5.451760881646238e-07,1.139913638889668e-06,7.434219384063051e-07,6.938604758458848e-07,6.938604758458848e-07,5.451760881646238e-07,3.9649170048336274e-07,5.053325594395798e-08,5.053325594395798e-08,2.779329076917689e-07,5.811324433555168e-07,3.7899941957968484e-07,3.537327916077059e-07,3.537327916077059e-07,2.779329076917689e-07,2.0213302377583192e-07,7.652872895359018e-08,7.652872895359018e-08,4.2090800924474605e-07,8.800803829662872e-07,5.739654671519264e-07,5.357011026751314e-07,5.357011026751314e-07,4.2090800924474605e-07,3.0611491581436074e-07,9.620754497022765e-08,9.620754497022765e-08,5.291414973362521e-07,1.106386767157618e-06,7.215565872767074e-07,6.734528147915936e-07,6.734528147915936e-07,5.291414973362521e-07,3.848301798809106e-07,4.786082413922944e-08,4.786082413922944e-08,2.6323453276576187e-07,5.503994776011385e-07,3.5895618104422073e-07,3.3502576897460607e-07,3.3502576897460607e-07,2.6323453276576187e-07,1.9144329655691775e-07,1.4844143933537645e-07,1.4844143933537645e-07,8.164279163445705e-07,1.7070765523568294e-06,1.1133107950153233e-06,1.0390900753476353e-06,1.0390900753476353e-06,8.164279163445705e-07,5.937657573415058e-07,3.7171096920315233e-08,3.7171096920315233e-08,2.0444103306173378e-07,4.2746761458362516e-07,2.787832269023642e-07,2.6019767844220663e-07,2.6019767844220663e-07,2.0444103306173378e-07,1.4868438768126093e-07,3.376982007793345e-08,3.376982007793345e-08,1.8573401042863395e-07,3.8835293089623465e-07,2.5327365058450085e-07,2.3638874054553416e-07,2.3638874054553416e-07,1.8573401042863395e-07,1.350792803117338e-07,2.4294834588441333e-09,2.4294834588441333e-09,1.3362159023642733e-08,2.7939059776707532e-08,1.8221125941331e-08,1.7006384211908933e-08,1.7006384211908933e-08,1.3362159023642733e-08,9.717933835376533e-09,4.9318514214535906e-08,4.9318514214535906e-08,2.7125182817994745e-07,5.671629134671629e-07,3.6988885660901925e-07,3.4522959950175135e-07,3.4522959950175135e-07,2.7125182817994745e-07,1.9727405685814363e-07
2020-03-23,2.901256824391417e-07,2.901256824391417e-07,1.5956912534152795e-06,3.33644534805013e-06,2.175942618293563e-06,2.0308797770739923e-06,2.0308797770739923e-06,1.5956912534152795e-06,1.1605027297565669e-06,2.8201298026707516e-08,2.8201298026707516e-08,1.5510713914689133e-07,3.243149273071365e-07,2.1150973520030636e-07,1.9740908618695262e-07,1.9740908618695262e-07,1.5510713914689133e-07,1.1280519210683006e-07,1.8157000099387036e-08,1.8157000099387036e-08,9.986350054662869e-08,2.088055011429509e-07,1.3617750074540276e-07,1.2709900069570926e-07,1.2709900069570926e-07,9.986350054662869e-08,7.262800039754814e-08,2.7814978875656752e-08,2.7814978875656752e-08,1.5298238381611214e-07,3.198722570700527e-07,2.0861234156742563e-07,1.947048521295973e-07,1.947048521295973e-07,1.5298238381611214e-07,1.1125991550262701e-07,4.172246831348516e-08,4.172246831348516e-08,2.2947357572416836e-07,4.798083856050793e-07,3.1291851235113865e-07,2.9205727819439613e-07,2.9205727819439613e-07,2.2947357572416836e-07,1.6688987325394063e-07,4.249510661558668e-08,4.249510661558668e-08,2.337230863857267e-07,4.886937260792468e-07,3.1871329961690005e-07,2.9746574630910673e-07,2.9746574630910673e-07,2.337230863857267e-07,1.6998042646234671e-07,4.249510661558669e-09,4.249510661558669e-09,2.3372308638572678e-08,4.886937260792469e-08,3.187132996169002e-08,2.9746574630910686e-08,2.9746574630910686e-08,2.3372308638572678e-08,1.6998042646234676e-08,5.640259605341503e-08,5.640259605341503e-08,3.1021427829378266e-07,6.48629854614273e-07,4.230194704006127e-07,3.9481817237390525e-07,3.9481817237390525e-07,3.1021427829378266e-07,2.2561038421366013e-07,3.438240444352013e-08,3.438240444352013e-08,1.8910322443936072e-07,3.953976511004815e-07,2.5786803332640095e-07,2.406768311046409e-07,2.406768311046409e-07,1.8910322443936072e-07,1.3752961777408052e-07,5.872051095971974e-08,5.872051095971974e-08,3.229628102784586e-07,6.75285876036777e-07,4.40403832197898e-07,4.110435767180382e-07,4.110435767180382e-07,3.229628102784586e-07,2.3488204383887895e-07,1.5761821362872146e-07,1.5761821362872146e-07,8.66900174957968e-07,1.812609456730297e-06,1.182136602215411e-06,1.1033274954010504e-06,1.1033274954010504e-06,8.66900174957968e-07,6.304728545148858e-07,8.035438341856392e-08,8.035438341856392e-08,4.4194910880210156e-07,9.240754093134851e-07,6.026578756392293e-07,5.624806839299474e-07,5.624806839299474e-07,4.4194910880210156e-07,3.2141753367425567e-07,1.2169053258099824e-07,1.2169053258099824e-07,6.692979291954903e-07,1.39944112468148e-06,9.126789943574868e-07,8.518337280669878e-07,8.518337280669878e-07,6.692979291954903e-07,4.86762130323993e-07,1.5298238381611217e-07,1.5298238381611217e-07,8.414031109886169e-07,1.75929741388529e-06,1.147367878620841e-06,1.0708766867127851e-06,1.0708766867127851e-06,8.414031109886169e-07,6.119295352644487e-07,7.61048727570052e-08,7.61048727570052e-08,4.1857680016352857e-07,8.752060367055598e-07,5.70786545677539e-07,5.327341092990365e-07,5.327341092990365e-07,4.1857680016352857e-07,3.044194910280208e-07,2.3604100129203136e-07,2.3604100129203136e-07,1.2982255071061724e-06,2.714471514858361e-06,1.7703075096902351e-06,1.6522870090442196e-06,1.6522870090442196e-06,1.2982255071061724e-06,9.441640051681254e-07,5.910683011077062e-08,5.910683011077062e-08,3.250875656092384e-07,6.797285462738621e-07,4.433012258307796e-07,4.1374781077539435e-07,4.1374781077539435e-07,3.250875656092384e-07,2.3642732044308248e-07,5.369836199605951e-08,5.369836199605951e-08,2.953409909783273e-07,6.175311629546844e-07,4.027377149704463e-07,3.7588853397241657e-07,3.7588853397241657e-07,2.953409909783273e-07,2.1479344798423803e-07,3.863191510507881e-09,3.863191510507881e-09,2.1247553307793343e-08,4.442670237084063e-08,2.8973936328809102e-08,2.7042340573555166e-08,2.7042340573555166e-08,2.1247553307793343e-08,1.5452766042031523e-08,7.842278766331001e-08,7.842278766331001e-08,4.313253321482051e-07,9.018620581280652e-07,5.881709074748251e-07,5.489595136431702e-07,5.489595136431702e-07,4.313253321482051e-07,3.1369115065324006e-07
2020-03-24,2.525385496978985e-07,2.525385496978985e-07,1.3889620233384417e-06,2.9041933215258324e-06,1.8940391227342385e-06,1.7677698478852894e-06,1.7677698478852894e-06,1.3889620233384417e-06,1.010154198791594e-06,2.4547688585814378e-08,2.4547688585814378e-08,1.350122872219791e-07,2.8229841873686537e-07,1.8410766439360784e-07,1.7183382010070066e-07,1.7183382010070066e-07,1.350122872219791e-07,9.819075434325751e-08,1.5804676212784593e-08,1.5804676212784593e-08,8.692571917031526e-08,1.817537764470228e-07,1.1853507159588444e-07,1.1063273348949215e-07,1.1063273348949215e-07,8.692571917031526e-08,6.321870485113837e-08,2.4211418879159357e-08,2.4211418879159357e-08,1.3316280383537646e-07,2.784313171103326e-07,1.8158564159369518e-07,1.6947993215411552e-07,1.6947993215411552e-07,1.3316280383537646e-07,9.684567551663743e-08,3.6317128318739e-08,3.6317128318739e-08,1.997442057530645e-07,4.176469756654985e-07,2.723784623905425e-07,2.5421989823117304e-07,2.5421989823117304e-07,1.997442057530645e-07,1.45268513274956e-07,3.698966773204906e-08,3.698966773204906e-08,2.0344317252626982e-07,4.253811789185642e-07,2.774225079903679e-07,2.589276741243434e-07,2.589276741243434e-07,2.0344317252626982e-07,1.4795867092819623e-07,3.698966773204904e-09,3.698966773204904e-09,2.0344317252626973e-08,4.2538117891856397e-08,2.7742250799036776e-08,2.589276741243433e-08,2.589276741243433e-08,2.0344317252626973e-08,1.4795867092819615e-08,4.9095377171628756e-08,4.9095377171628756e-08,2.700245744439582e-07,5.645968374737307e-07,3.682153287872157e-07,3.436676402014013e-07,3.436676402014013e-07,2.700245744439582e-07,1.9638150868651502e-07,2.9928003892294225e-08,2.9928003892294225e-08,1.6460402140761825e-07,3.441720447613836e-07,2.244600291922067e-07,2.094960272460596e-07,2.094960272460596e-07,1.6460402140761825e-07,1.197120155691769e-07,5.111299541155872e-08,5.111299541155872e-08,2.8112147476357296e-07,5.877994472329253e-07,3.833474655866904e-07,3.577909678809111e-07,3.577909678809111e-07,2.8112147476357296e-07,2.044519816462349e-07,1.3719804031523646e-07,1.3719804031523646e-07,7.545892217338005e-07,1.5777774636252194e-06,1.0289853023642736e-06,9.603862822066554e-07,9.603862822066554e-07,7.545892217338005e-07,5.487921612609458e-07,6.994409898423818e-08,6.994409898423818e-08,3.8469254441331e-07,8.043571383187391e-07,5.245807423817863e-07,4.896086928896673e-07,4.896086928896673e-07,3.8469254441331e-07,2.7977639593695273e-07,1.0592495759632224e-07,1.0592495759632224e-07,5.825872667797723e-07,1.2181370123577059e-06,7.944371819724167e-07,7.414747031742558e-07,7.414747031742558e-07,5.825872667797723e-07,4.2369983038528896e-07,1.3316280383537652e-07,1.3316280383537652e-07,7.323954210945708e-07,1.5313722441068299e-06,9.987210287653238e-07,9.321396268476356e-07,9.321396268476356e-07,7.323954210945708e-07,5.326512153415061e-07,6.624513221103335e-08,6.624513221103335e-08,3.643482271606834e-07,7.618190204268834e-07,4.9683849158275e-07,4.637159254772334e-07,4.637159254772334e-07,3.643482271606834e-07,2.649805288441334e-07,2.0546079076619974e-07,2.0546079076619974e-07,1.1300343492140986e-06,2.362799093811297e-06,1.540955930746498e-06,1.4382255353633983e-06,1.4382255353633983e-06,1.1300343492140986e-06,8.21843163064799e-07,5.144926511821361e-08,5.144926511821361e-08,2.8297095815017485e-07,5.916665488594566e-07,3.8586948838660203e-07,3.601448558274953e-07,3.601448558274953e-07,2.8297095815017485e-07,2.0579706047285443e-07,4.6741489225043805e-08,4.6741489225043805e-08,2.570781907377409e-07,5.375271260880037e-07,3.505611691878285e-07,3.2719042457530664e-07,3.2719042457530664e-07,2.570781907377409e-07,1.8696595690017522e-07,3.3626970665499128e-09,3.3626970665499128e-09,1.8494833866024522e-08,3.8671016265324e-08,2.5220227999124347e-08,2.353887946584939e-08,2.353887946584939e-08,1.8494833866024522e-08,1.3450788266199651e-08,6.826275045096316e-08,6.826275045096316e-08,3.754451274802974e-07,7.850216301860764e-07,5.119706283822237e-07,4.778392531567422e-07,4.778392531567422e-07,3.754451274802974e-07,2.7305100180385264e-07
2020-03-25,2.86993421569177e-07,2.86993421569177e-07,1.5784638186304734e-06,3.3004243480455352e-06,2.1524506617688275e-06,2.008953950984239e-06,2.008953950984239e-06,1.5784638186304734e-06,1.147973686276708e-06,2.7896830591943946e-08,2.7896830591943946e-08,1.534325682556917e-07,3.208135518073554e-07,2.092262294395796e-07,1.9527781414360766e-07,1.9527781414360766e-07,1.534325682556917e-07,1.1158732236777579e-07,1.7960973120840628e-08,1.7960973120840628e-08,9.878535216462345e-08,2.0655119088966722e-07,1.347072984063047e-07,1.257268118458844e-07,1.257268118458844e-07,9.878535216462345e-08,7.184389248336251e-08,2.751468222767077e-08,2.751468222767077e-08,1.5133075225218923e-07,3.1641884561821384e-07,2.0636011670753075e-07,1.926027755936954e-07,1.926027755936954e-07,1.5133075225218923e-07,1.1005872891068308e-07,4.127202334150617e-08,4.127202334150617e-08,2.2699612837828395e-07,4.74628268427321e-07,3.095401750612963e-07,2.8890416339054324e-07,2.8890416339054324e-07,2.2699612837828395e-07,1.650880933660247e-07,4.203632007005252e-08,4.203632007005252e-08,2.3119976038528885e-07,4.83417680805604e-07,3.152724005253939e-07,2.9425424049036766e-07,2.9425424049036766e-07,2.3119976038528885e-07,1.6814528028021008e-07,4.203632007005253e-09,4.203632007005253e-09,2.311997603852889e-08,4.8341768080560406e-08,3.1527240052539394e-08,2.9425424049036772e-08,2.9425424049036772e-08,2.311997603852889e-08,1.6814528028021012e-08,5.579366118388789e-08,5.579366118388789e-08,3.068651365113834e-07,6.416271036147109e-07,4.184524588791592e-07,3.905556282872153e-07,3.905556282872153e-07,3.068651365113834e-07,2.2317464473555157e-07,3.4011204420315236e-08,3.4011204420315236e-08,1.870616243117338e-07,3.911288508336252e-07,2.5508403315236423e-07,2.3807843094220665e-07,2.3807843094220665e-07,1.870616243117338e-07,1.3604481768126095e-07,5.8086551369527105e-08,5.8086551369527105e-08,3.1947603253239907e-07,6.679953407495617e-07,4.3564913527145325e-07,4.066058595866898e-07,4.066058595866898e-07,3.1947603253239907e-07,2.3234620547810842e-07,1.5591653262346755e-07,1.5591653262346755e-07,8.575409294290715e-07,1.793040125169877e-06,1.1693739946760065e-06,1.091415728364273e-06,1.091415728364273e-06,8.575409294290715e-07,6.236661304938702e-07,7.948685976882663e-08,7.948685976882663e-08,4.3717772872854645e-07,9.140988873415062e-07,5.961514482661997e-07,5.564080183817864e-07,5.564080183817864e-07,4.3717772872854645e-07,3.179474390753065e-07,1.2037673474605956e-07,1.2037673474605956e-07,6.620720411033275e-07,1.3843324495796849e-06,9.028255105954465e-07,8.426371432224169e-07,8.426371432224169e-07,6.620720411033275e-07,4.815069389842382e-07,1.5133075225218913e-07,1.5133075225218913e-07,8.323191373870402e-07,1.740303650900175e-06,1.1349806418914184e-06,1.0593152657653239e-06,1.0593152657653239e-06,8.323191373870402e-07,6.053230090087565e-07,7.528322776182133e-08,7.528322776182133e-08,4.1405775269001727e-07,8.657571192609453e-07,5.646242082136599e-07,5.269825943327493e-07,5.269825943327493e-07,4.1405775269001727e-07,3.011329110472853e-07,2.334926505709283e-07,2.334926505709283e-07,1.2842095781401057e-06,2.6851654815656755e-06,1.7511948792819622e-06,1.6344485539964983e-06,1.6344485539964983e-06,1.2842095781401057e-06,9.339706022837132e-07,5.8468699733800404e-08,5.8468699733800404e-08,3.215778485359022e-07,6.723900469387047e-07,4.3851524800350296e-07,4.0928089813660285e-07,4.0928089813660285e-07,3.215778485359022e-07,2.3387479893520162e-07,5.311862263397551e-08,5.311862263397551e-08,2.921524244868653e-07,6.108641602907184e-07,3.983896697548163e-07,3.7183035843782857e-07,3.7183035843782857e-07,2.921524244868653e-07,2.1247449053590203e-07,3.82148364273205e-09,3.82148364273205e-09,2.1018160035026273e-08,4.394706189141858e-08,2.8661127320490372e-08,2.675038549912435e-08,2.675038549912435e-08,2.1018160035026273e-08,1.52859345709282e-08,7.757611794746065e-08,7.757611794746065e-08,4.2666864871103356e-07,8.921253563957974e-07,5.818208846059548e-07,5.430328256322245e-07,5.430328256322245e-07,4.2666864871103356e-07,3.103044717898426e-07
2020-03-26,3.380234038309982e-07,3.380234038309982e-07,1.85912872107049e-06,3.887269144056479e-06,2.535175528732486e-06,2.3661638268169876e-06,2.3661638268169876e-06,1.85912872107049e-06,1.3520936153239928e-06,3.733979460923818e-08,3.733979460923818e-08,2.0536887035080997e-07,4.29407638006239e-07,2.800484595692863e-07,2.6137856226466725e-07,2.6137856226466725e-07,2.0536887035080997e-07,1.493591784369527e-07,1.1791514087127847e-08,1.1791514087127847e-08,6.485332747920315e-08,1.3560241200197024e-07,8.843635565345884e-08,8.254059860989493e-08,8.254059860989493e-08,6.485332747920315e-08,4.716605634851139e-08,2.161777582640105e-08,2.161777582640105e-08,1.1889776704520578e-07,2.4860442200361206e-07,1.6213331869800785e-07,1.5132443078480735e-07,1.5132443078480735e-07,1.1889776704520578e-07,8.64711033056042e-08,5.109656104422067e-08,5.109656104422067e-08,2.810310857432137e-07,5.876104520085377e-07,3.83224207831655e-07,3.576759273095447e-07,3.576759273095447e-07,2.810310857432137e-07,2.043862441768827e-07,3.9305046957092825e-09,3.9305046957092825e-09,2.161777582640105e-08,4.520080400065675e-08,2.9478785217819614e-08,2.751353286996498e-08,2.751353286996498e-08,2.161777582640105e-08,1.572201878283713e-08,1.9652523478546413e-09,1.9652523478546413e-09,1.0808887913200525e-08,2.2600402000328374e-08,1.4739392608909807e-08,1.375676643498249e-08,1.375676643498249e-08,1.0808887913200525e-08,7.861009391418565e-09,3.537454226138354e-08,3.537454226138354e-08,1.9455998243760946e-07,4.068072360059107e-07,2.6530906696037653e-07,2.476217958296848e-07,2.476217958296848e-07,1.9455998243760946e-07,1.4149816904553415e-07,3.144403756567426e-08,3.144403756567426e-08,1.729422066112084e-07,3.61606432005254e-07,2.3583028174255691e-07,2.2010826295971983e-07,2.2010826295971983e-07,1.729422066112084e-07,1.2577615026269704e-07,3.144403756567426e-08,3.144403756567426e-08,1.729422066112084e-07,3.61606432005254e-07,2.3583028174255691e-07,2.2010826295971983e-07,2.2010826295971983e-07,1.729422066112084e-07,1.2577615026269704e-07,1.0022786974058669e-07,1.0022786974058669e-07,5.512532835732268e-07,1.152620502016747e-06,7.517090230544001e-07,7.015950881841069e-07,7.015950881841069e-07,5.512532835732268e-07,4.0091147896234676e-07,4.1270299304947456e-08,4.1270299304947456e-08,2.26986646177211e-07,4.7460844200689575e-07,3.095272447871059e-07,2.888920951346322e-07,2.888920951346322e-07,2.26986646177211e-07,1.6508119721978982e-07,7.271433687062172e-08,7.271433687062172e-08,3.999288527884194e-07,8.362148740121497e-07,5.453575265296628e-07,5.09000358094352e-07,5.09000358094352e-07,3.999288527884194e-07,2.9085734748248686e-07,7.467958921847636e-08,7.467958921847636e-08,4.1073774070161993e-07,8.58815276012478e-07,5.600969191385726e-07,5.227571245293345e-07,5.227571245293345e-07,4.1073774070161993e-07,2.987183568739054e-07,4.32355516528021e-08,4.32355516528021e-08,2.3779553409041155e-07,4.972088440072241e-07,3.242666373960157e-07,3.026488615696147e-07,3.026488615696147e-07,2.3779553409041155e-07,1.729422066112084e-07,3.0068360922176003e-07,3.0068360922176003e-07,1.6537598507196803e-06,3.4578615060502404e-06,2.2551270691632e-06,2.1047852645523206e-06,2.1047852645523206e-06,1.6537598507196803e-06,1.2027344368870401e-06,4.32355516528021e-08,4.32355516528021e-08,2.3779553409041155e-07,4.972088440072241e-07,3.242666373960157e-07,3.026488615696147e-07,3.026488615696147e-07,2.3779553409041155e-07,1.729422066112084e-07,4.1270299304947456e-08,4.1270299304947456e-08,2.26986646177211e-07,4.7460844200689575e-07,3.095272447871059e-07,2.888920951346322e-07,2.888920951346322e-07,2.26986646177211e-07,1.6508119721978982e-07,3.9305046957092825e-09,3.9305046957092825e-09,2.161777582640105e-08,4.520080400065675e-08,2.9478785217819614e-08,2.751353286996498e-08,2.751353286996498e-08,2.161777582640105e-08,1.572201878283713e-08,9.826261739273205e-08,9.826261739273205e-08,5.404443956600263e-07,1.1300201000164187e-06,7.369696304454904e-07,6.878383217491244e-07,6.878383217491244e-07,5.404443956600263e-07,3.930504695709282e-07
2020-03-27,2.4495999847635723e-07,2.4495999847635723e-07,1.3472799916199647e-06,2.8170399824781085e-06,1.8371999885726793e-06,1.7147199893345008e-06,1.7147199893345008e-06,1.3472799916199647e-06,9.79839993905429e-07,2.7059534715411557e-08,2.7059534715411557e-08,1.4882744093476356e-07,3.1118464922723293e-07,2.0294651036558667e-07,1.8941674300788093e-07,1.8941674300788093e-07,1.4882744093476356e-07,1.0823813886164623e-07,8.54511622591944e-09,8.54511622591944e-09,4.699813924255692e-08,9.826883659807357e-08,6.40883716943958e-08,5.981581358143609e-08,5.981581358143609e-08,4.699813924255692e-08,3.418046490367776e-08,1.566604641418564e-08,1.566604641418564e-08,8.616325527802102e-08,1.8015953376313486e-07,1.1749534810639229e-07,1.0966232489929948e-07,1.0966232489929948e-07,8.616325527802102e-08,6.266418565674256e-08,3.702883697898424e-08,3.702883697898424e-08,2.036586033844133e-07,4.2583162525831875e-07,2.777162773423818e-07,2.592018588528897e-07,2.592018588528897e-07,2.036586033844133e-07,1.4811534791593695e-07,2.8483720753064803e-09,2.8483720753064803e-09,1.5666046414185642e-08,3.2756278866024526e-08,2.13627905647986e-08,1.9938604527145363e-08,1.9938604527145363e-08,1.5666046414185642e-08,1.1393488301225921e-08,1.4241860376532402e-09,1.4241860376532402e-09,7.833023207092821e-09,1.6378139433012263e-08,1.06813952823993e-08,9.969302263572682e-09,9.969302263572682e-09,7.833023207092821e-09,5.696744150612961e-09,2.563534867775832e-08,2.563534867775832e-08,1.4099441772767076e-07,2.948065097942207e-07,1.9226511508318737e-07,1.7944744074430825e-07,1.7944744074430825e-07,1.4099441772767076e-07,1.0254139471103328e-07,2.2786976602451843e-08,2.2786976602451843e-08,1.2532837131348514e-07,2.620502309281962e-07,1.709023245183888e-07,1.595088362171629e-07,1.595088362171629e-07,1.2532837131348514e-07,9.114790640980737e-08,2.2786976602451843e-08,2.2786976602451843e-08,1.2532837131348514e-07,2.620502309281962e-07,1.709023245183888e-07,1.595088362171629e-07,1.595088362171629e-07,1.2532837131348514e-07,9.114790640980737e-08,7.263348792031524e-08,7.263348792031524e-08,3.994841835617338e-07,8.352851110836253e-07,5.447511594023643e-07,5.084344154422067e-07,5.084344154422067e-07,3.994841835617338e-07,2.9053395168126096e-07,2.9907906790718037e-08,2.9907906790718037e-08,1.644934873489492e-07,3.4394092809325745e-07,2.2430930093038528e-07,2.093553475350263e-07,2.093553475350263e-07,1.644934873489492e-07,1.1963162716287215e-07,5.269488339316988e-08,5.269488339316988e-08,2.8982185866243435e-07,6.059911590214537e-07,3.9521162544877406e-07,3.688641837521892e-07,3.688641837521892e-07,2.8982185866243435e-07,2.1077953357267952e-07,5.4119069430823114e-08,5.4119069430823114e-08,2.976548818695271e-07,6.223692984544659e-07,4.0589302073117333e-07,3.7883348601576186e-07,3.7883348601576186e-07,2.976548818695271e-07,2.1647627772329246e-07,3.133209282837128e-08,3.133209282837128e-08,1.7232651055604203e-07,3.603190675262697e-07,2.3499069621278457e-07,2.1932464979859895e-07,2.1932464979859895e-07,1.7232651055604203e-07,1.253283713134851e-07,2.179004637609457e-07,2.179004637609457e-07,1.1984525506852015e-06,2.5058553332508756e-06,1.6342534782070928e-06,1.52530324632662e-06,1.52530324632662e-06,1.1984525506852015e-06,8.716018550437828e-07,3.133209282837128e-08,3.133209282837128e-08,1.7232651055604203e-07,3.603190675262697e-07,2.3499069621278457e-07,2.1932464979859895e-07,2.1932464979859895e-07,1.7232651055604203e-07,1.253283713134851e-07,2.9907906790718037e-08,2.9907906790718037e-08,1.644934873489492e-07,3.4394092809325745e-07,2.2430930093038528e-07,2.093553475350263e-07,2.093553475350263e-07,1.644934873489492e-07,1.1963162716287215e-07,2.8483720753064803e-09,2.8483720753064803e-09,1.5666046414185642e-08,3.2756278866024526e-08,2.13627905647986e-08,1.9938604527145363e-08,1.9938604527145363e-08,1.5666046414185642e-08,1.1393488301225921e-08,7.1209301882662e-08,7.1209301882662e-08,3.91651160354641e-07,8.189069716506131e-07,5.34069764119965e-07,4.98465113178634e-07,4.98465113178634e-07,3.91651160354641e-07,2.84837207530648e-07
2020-03-28,2.9251699141418563e-07,2.9251699141418563e-07,1.608843452778021e-06,3.3639454012631345e-06,2.193877435606392e-06,2.0476189398992994e-06,2.0476189398992994e-06,1.608843452778021e-06,1.1700679656567425e-06,2.6160056142732045e-08,2.6160056142732045e-08,1.4388030878502624e-07,3.008406456414185e-07,1.9620042107049034e-07,1.8312039299912434e-07,1.8312039299912434e-07,1.4388030878502624e-07,1.0464022457092818e-07,4.7563738441331e-09,4.7563738441331e-09,2.6160056142732048e-08,5.4698299207530646e-08,3.567280383099825e-08,3.32946169089317e-08,3.32946169089317e-08,2.6160056142732048e-08,1.90254953765324e-08,7.1345607661996495e-09,7.1345607661996495e-09,3.924008421409807e-08,8.204744881129597e-08,5.350920574649737e-08,4.994192536339755e-08,4.994192536339755e-08,3.924008421409807e-08,2.8538243064798598e-08,2.6160056142732045e-08,2.6160056142732045e-08,1.4388030878502624e-07,3.008406456414185e-07,1.9620042107049034e-07,1.8312039299912434e-07,1.8312039299912434e-07,1.4388030878502624e-07,1.0464022457092818e-07,1.4269121532399299e-08,1.4269121532399299e-08,7.848016842819614e-08,1.6409489762259194e-07,1.0701841149299474e-07,9.98838507267951e-08,9.98838507267951e-08,7.848016842819614e-08,5.7076486129597196e-08,0.0,0.0,0.0,0.0,0.0,0.0,0.0,0.0,0.0,1.189093461033275e-08,1.189093461033275e-08,6.540014035683012e-08,1.3674574801882662e-07,8.918200957749562e-08,8.323654227232926e-08,8.323654227232926e-08,6.540014035683012e-08,4.7563738441331e-08,4.994192536339754e-08,4.994192536339754e-08,2.7468058949868645e-07,5.743321416790717e-07,3.7456444022548155e-07,3.495934775437828e-07,3.495934775437828e-07,2.7468058949868645e-07,1.9976770145359016e-07,1.189093461033275e-08,1.189093461033275e-08,6.540014035683012e-08,1.3674574801882662e-07,8.918200957749562e-08,8.323654227232926e-08,8.323654227232926e-08,6.540014035683012e-08,4.7563738441331e-08,1.284220937915937e-07,1.284220937915937e-07,7.063215158537653e-07,1.4768540786033274e-06,9.631657034369527e-07,8.989546565411559e-07,8.989546565411559e-07,7.063215158537653e-07,5.136883751663748e-07,3.32946169089317e-08,3.32946169089317e-08,1.8312039299912434e-07,3.828880944527145e-07,2.4970962681698773e-07,2.330623183625219e-07,2.330623183625219e-07,1.8312039299912434e-07,1.331784676357268e-07,9.274928996059544e-08,9.274928996059544e-08,5.101210947832749e-07,1.0666168345468476e-06,6.956196747044658e-07,6.492450297241682e-07,6.492450297241682e-07,5.101210947832749e-07,3.709971598423818e-07,1.5933852377845887e-07,1.5933852377845887e-07,8.763618807815237e-07,1.8323930234522769e-06,1.1950389283384413e-06,1.115369666449212e-06,1.115369666449212e-06,8.763618807815237e-07,6.373540951138355e-07,6.65892338178634e-08,6.65892338178634e-08,3.662407859982487e-07,7.65776188905429e-07,4.994192536339755e-07,4.661246367250438e-07,4.661246367250438e-07,3.662407859982487e-07,2.663569352714536e-07,2.5922237450525393e-07,2.5922237450525393e-07,1.4257230597788966e-06,2.9810573068104204e-06,1.9441678087894047e-06,1.8145566215367777e-06,1.8145566215367777e-06,1.4257230597788966e-06,1.0368894980210157e-06,5.232011228546409e-08,5.232011228546409e-08,2.877606175700525e-07,6.01681291282837e-07,3.9240084214098067e-07,3.662407859982487e-07,3.662407859982487e-07,2.877606175700525e-07,2.0928044914185636e-07,1.90254953765324e-08,1.90254953765324e-08,1.0464022457092819e-07,2.1879319683012259e-07,1.42691215323993e-07,1.331784676357268e-07,1.331784676357268e-07,1.0464022457092819e-07,7.61019815061296e-08,4.7563738441331e-09,4.7563738441331e-09,2.6160056142732048e-08,5.4698299207530646e-08,3.567280383099825e-08,3.32946169089317e-08,3.32946169089317e-08,2.6160056142732048e-08,1.90254953765324e-08,1.1653115918126094e-07,1.1653115918126094e-07,6.409213754969352e-07,1.3401083305845008e-06,8.739836938594571e-07,8.157181142688267e-07,8.157181142688267e-07,6.409213754969352e-07,4.6612463672504377e-07
2020-03-29,1.6628260669658495e-07,1.6628260669658495e-07,9.145543368312172e-07,1.912249977010727e-06,1.247119550224387e-06,1.1639782468760947e-06,1.1639782468760947e-06,9.145543368312172e-07,6.651304267863398e-07,1.6222693336252192e-08,1.6222693336252192e-08,8.922481334938705e-08,1.8656097336690022e-07,1.2167020002189142e-07,1.1355885335376535e-07,1.1355885335376535e-07,8.922481334938705e-08,6.489077334500877e-08,1.6222693336252192e-08,1.6222693336252192e-08,8.922481334938705e-08,1.8656097336690022e-07,1.2167020002189142e-07,1.1355885335376535e-07,1.1355885335376535e-07,8.922481334938705e-08,6.489077334500877e-08,0.0,0.0,0.0,0.0,0.0,0.0,0.0,0.0,0.0,1.6222693336252192e-08,1.6222693336252192e-08,8.922481334938705e-08,1.8656097336690022e-07,1.2167020002189142e-07,1.1355885335376535e-07,1.1355885335376535e-07,8.922481334938705e-08,6.489077334500877e-08,1.6222693336252192e-08,1.6222693336252192e-08,8.922481334938705e-08,1.8656097336690022e-07,1.2167020002189142e-07,1.1355885335376535e-07,1.1355885335376535e-07,8.922481334938705e-08,6.489077334500877e-08,0.0,0.0,0.0,0.0,0.0,0.0,0.0,0.0,0.0,1.6222693336252192e-08,1.6222693336252192e-08,8.922481334938705e-08,1.8656097336690022e-07,1.2167020002189142e-07,1.1355885335376535e-07,1.1355885335376535e-07,8.922481334938705e-08,6.489077334500877e-08,8.111346668126096e-09,8.111346668126096e-09,4.4612406674693526e-08,9.328048668345011e-08,6.083510001094571e-08,5.6779426676882675e-08,5.6779426676882675e-08,4.4612406674693526e-08,3.2445386672504384e-08,8.111346668126096e-09,8.111346668126096e-09,4.4612406674693526e-08,9.328048668345011e-08,6.083510001094571e-08,5.6779426676882675e-08,5.6779426676882675e-08,4.4612406674693526e-08,3.2445386672504384e-08,7.300212001313487e-08,7.300212001313487e-08,4.0151166007224173e-07,8.39524380151051e-07,5.475159000985114e-07,5.11014840091944e-07,5.11014840091944e-07,4.0151166007224173e-07,2.9200848005253947e-07,4.055673334063048e-09,4.055673334063048e-09,2.2306203337346763e-08,4.6640243341725054e-08,3.0417550005472856e-08,2.8389713338441337e-08,2.8389713338441337e-08,2.2306203337346763e-08,1.6222693336252192e-08,3.2445386672504384e-08,3.2445386672504384e-08,1.784496266987741e-07,3.7312194673380043e-07,2.4334040004378284e-07,2.271177067075307e-07,2.271177067075307e-07,1.784496266987741e-07,1.2978154669001753e-07,4.8668080008756575e-08,4.8668080008756575e-08,2.6767444004816116e-07,5.596829201007007e-07,3.650106000656743e-07,3.4067656006129603e-07,3.4067656006129603e-07,2.6767444004816116e-07,1.946723200350263e-07,2.4334040004378288e-08,2.4334040004378288e-08,1.3383722002408058e-07,2.7984146005035034e-07,1.8250530003283715e-07,1.7033828003064802e-07,1.7033828003064802e-07,1.3383722002408058e-07,9.733616001751315e-08,2.5550742004597197e-07,2.5550742004597197e-07,1.405290810252846e-06,2.9383353305286777e-06,1.9163056503447896e-06,1.788551940321804e-06,1.788551940321804e-06,1.405290810252846e-06,1.0220296801838879e-06,1.6222693336252192e-08,1.6222693336252192e-08,8.922481334938705e-08,1.8656097336690022e-07,1.2167020002189142e-07,1.1355885335376535e-07,1.1355885335376535e-07,8.922481334938705e-08,6.489077334500877e-08,2.0278366670315238e-08,2.0278366670315238e-08,1.115310166867338e-07,2.3320121670862524e-07,1.5208775002736427e-07,1.4194856669220666e-07,1.4194856669220666e-07,1.115310166867338e-07,8.111346668126095e-08,0.0,0.0,0.0,0.0,0.0,0.0,0.0,0.0,0.0,3.2445386672504384e-08,3.2445386672504384e-08,1.784496266987741e-07,3.7312194673380043e-07,2.4334040004378284e-07,2.271177067075307e-07,2.271177067075307e-07,1.784496266987741e-07,1.2978154669001753e-07
2020-03-30,1.7399601433450087e-07,1.7399601433450087e-07,9.569780788397548e-07,2.0009541648467604e-06,1.3049701075087565e-06,1.2179721003415064e-06,1.2179721003415064e-06,9.569780788397548e-07,6.959840573380035e-07,1.7606739545753065e-08,1.7606739545753065e-08,9.683706750164186e-08,2.0247750477616027e-07,1.32050546593148e-07,1.2324717682027147e-07,1.2324717682027147e-07,9.683706750164186e-08,7.042695818301226e-08,2.0713811230297727e-09,2.0713811230297727e-09,1.139259617666375e-08,2.3820882914842386e-08,1.553535842272329e-08,1.4499667861208408e-08,1.4499667861208408e-08,1.139259617666375e-08,8.28552449211909e-09,2.4856573476357272e-08,2.4856573476357272e-08,1.36711154119965e-07,2.858505949781086e-07,1.8642430107267954e-07,1.7399601433450092e-07,1.7399601433450092e-07,1.36711154119965e-07,9.942629390542909e-08,1.3463977299693521e-08,1.3463977299693521e-08,7.405187514831437e-08,1.5483573894647552e-07,1.0097982974770142e-07,9.424784109785466e-08,9.424784109785466e-08,7.405187514831437e-08,5.3855909198774085e-08,4.142762246059545e-09,4.142762246059545e-09,2.27851923533275e-08,4.764176582968477e-08,3.107071684544658e-08,2.8999335722416816e-08,2.8999335722416816e-08,2.27851923533275e-08,1.657104898423818e-08,4.142762246059545e-09,4.142762246059545e-09,2.27851923533275e-08,4.764176582968477e-08,3.107071684544658e-08,2.8999335722416816e-08,2.8999335722416816e-08,2.27851923533275e-08,1.657104898423818e-08,1.2428286738178636e-08,1.2428286738178636e-08,6.83555770599825e-08,1.429252974890543e-07,9.321215053633977e-08,8.699800716725046e-08,8.699800716725046e-08,6.83555770599825e-08,4.9713146952714545e-08,2.2785192353327496e-08,2.2785192353327496e-08,1.2531855794330123e-07,2.620297120632662e-07,1.7088894264995622e-07,1.594963464732925e-07,1.594963464732925e-07,1.2531855794330123e-07,9.114076941330998e-08,1.0356905615148863e-08,1.0356905615148863e-08,5.696298088331874e-08,1.1910441457421192e-07,7.767679211361646e-08,7.249833930604203e-08,7.249833930604203e-08,5.696298088331874e-08,4.142762246059545e-08,8.181955435967601e-08,8.181955435967601e-08,4.5000754897821807e-07,9.409248751362741e-07,6.136466576975701e-07,5.727368805177322e-07,5.727368805177322e-07,4.5000754897821807e-07,3.2727821743870403e-07,2.0713811230297725e-08,2.0713811230297725e-08,1.1392596176663748e-07,2.3820882914842384e-07,1.5535358422723292e-07,1.4499667861208407e-07,1.4499667861208407e-07,1.1392596176663748e-07,8.28552449211909e-08,5.489159976028897e-08,5.489159976028897e-08,3.0190379868158934e-07,6.312533972433232e-07,4.1168699820216725e-07,3.842411983220228e-07,3.842411983220228e-07,3.0190379868158934e-07,2.195663990411559e-07,1.0356905615148864e-09,1.0356905615148864e-09,5.696298088331875e-09,1.1910441457421193e-08,7.767679211361646e-09,7.249833930604204e-09,7.249833930604204e-09,5.696298088331875e-09,4.142762246059545e-09,2.2785192353327496e-08,2.2785192353327496e-08,1.2531855794330123e-07,2.620297120632662e-07,1.7088894264995622e-07,1.594963464732925e-07,1.594963464732925e-07,1.2531855794330123e-07,9.114076941330998e-08,2.1542363679509634e-07,2.1542363679509634e-07,1.18483000237303e-06,2.4773718231436082e-06,1.6156772759632227e-06,1.5079654575656746e-06,1.5079654575656746e-06,1.18483000237303e-06,8.616945471803854e-07,1.4499667861208408e-08,1.4499667861208408e-08,7.974817323664625e-08,1.667461804038967e-07,1.0874750895906305e-07,1.0149767502845886e-07,1.0149767502845886e-07,7.974817323664625e-08,5.799867144483363e-08,1.553535842272329e-08,1.553535842272329e-08,8.544447132497811e-08,1.7865662186131785e-07,1.1651518817042469e-07,1.0874750895906305e-07,1.0874750895906305e-07,8.544447132497811e-08,6.214143369089317e-08,1.0356905615148864e-09,1.0356905615148864e-09,5.696298088331875e-09,1.1910441457421193e-08,7.767679211361646e-09,7.249833930604204e-09,7.249833930604204e-09,5.696298088331875e-09,4.142762246059545e-09,3.7284860214535904e-08,3.7284860214535904e-08,2.0506673117994746e-07,4.287758924671629e-07,2.7963645160901925e-07,2.6099402150175133e-07,2.6099402150175133e-07,2.0506673117994746e-07,1.4913944085814361e-07
2020-03-31,2.2117277619089314e-07,2.2117277619089314e-07,1.2164502690499123e-06,2.5434869261952713e-06,1.6587958214316985e-06,1.548209433336252e-06,1.548209433336252e-06,1.2164502690499123e-06,8.846911047635726e-07,2.2380578543126094e-08,2.2380578543126094e-08,1.2309318198719352e-07,2.5737665324595007e-07,1.678543390734457e-07,1.5666404980188267e-07,1.5666404980188267e-07,1.2309318198719352e-07,8.952231417250437e-08,2.6330092403677758e-09,2.6330092403677758e-09,1.4481550822022767e-08,3.0279606264229424e-08,1.974756930275832e-08,1.8431064682574432e-08,1.8431064682574432e-08,1.4481550822022767e-08,1.0532036961471103e-08,3.159611088441331e-08,3.159611088441331e-08,1.7377860986427319e-07,3.6335527517075306e-07,2.3697083163309978e-07,2.2117277619089317e-07,2.2117277619089317e-07,1.7377860986427319e-07,1.2638444353765323e-07,1.711456006239054e-08,1.711456006239054e-08,9.413008034314798e-08,1.9681744071749124e-07,1.2835920046792906e-07,1.1980192043673382e-07,1.1980192043673382e-07,9.413008034314798e-08,6.845824024956216e-08,5.2660184807355516e-09,5.2660184807355516e-09,2.8963101644045533e-08,6.055921252845885e-08,3.949513860551664e-08,3.6862129365148863e-08,3.6862129365148863e-08,2.8963101644045533e-08,2.1064073922942206e-08,5.2660184807355516e-09,5.2660184807355516e-09,2.8963101644045533e-08,6.055921252845885e-08,3.949513860551664e-08,3.6862129365148863e-08,3.6862129365148863e-08,2.8963101644045533e-08,2.1064073922942206e-08,1.5798055442206654e-08,1.5798055442206654e-08,8.688930493213659e-08,1.8167763758537653e-07,1.1848541581654989e-07,1.1058638809544658e-07,1.1058638809544658e-07,8.688930493213659e-08,6.319222176882662e-08,2.896310164404553e-08,2.896310164404553e-08,1.592970590422504e-07,3.330756689065236e-07,2.1722326233034146e-07,2.0274171150831873e-07,2.0274171150831873e-07,1.592970590422504e-07,1.1585240657618212e-07,1.3165046201838878e-08,1.3165046201838878e-08,7.240775411011382e-08,1.5139803132114709e-07,9.873784651379158e-08,9.215532341287216e-08,9.215532341287216e-08,7.240775411011382e-08,5.266018480735551e-08,1.0400386499452714e-07,1.0400386499452714e-07,5.720212574698993e-07,1.1960444474370623e-06,7.800289874589535e-07,7.2802705496169e-07,7.2802705496169e-07,5.720212574698993e-07,4.160154599781086e-07,2.6330092403677755e-08,2.6330092403677755e-08,1.4481550822022765e-07,3.0279606264229417e-07,1.9747569302758316e-07,1.843106468257443e-07,1.843106468257443e-07,1.4481550822022765e-07,1.0532036961471102e-07,6.977474486974606e-08,6.977474486974606e-08,3.837610967836033e-07,8.024095660020796e-07,5.233105865230954e-07,4.884232140882224e-07,4.884232140882224e-07,3.837610967836033e-07,2.790989794789842e-07,1.3165046201838879e-09,1.3165046201838879e-09,7.240775411011383e-09,1.5139803132114712e-08,9.87378465137916e-09,9.215532341287216e-09,9.215532341287216e-09,7.240775411011383e-09,5.2660184807355516e-09,2.896310164404553e-08,2.896310164404553e-08,1.592970590422504e-07,3.330756689065236e-07,2.1722326233034146e-07,2.0274171150831873e-07,2.0274171150831873e-07,1.592970590422504e-07,1.1585240657618212e-07,2.7383296099824866e-07,2.7383296099824866e-07,1.5060812854903678e-06,3.14907905147986e-06,2.053747207486865e-06,1.916830726987741e-06,1.916830726987741e-06,1.5060812854903678e-06,1.0953318439929946e-06,1.843106468257443e-08,1.843106468257443e-08,1.0137085575415936e-07,2.1195724384960595e-07,1.382329851193082e-07,1.29017452778021e-07,1.29017452778021e-07,1.0137085575415936e-07,7.372425873029771e-08,1.9747569302758316e-08,1.9747569302758316e-08,1.0861163116517074e-07,2.2709704698172063e-07,1.4810676977068735e-07,1.3823298511930823e-07,1.3823298511930823e-07,1.0861163116517074e-07,7.899027721103326e-08,1.3165046201838879e-09,1.3165046201838879e-09,7.240775411011383e-09,1.5139803132114712e-08,9.87378465137916e-09,9.215532341287216e-09,9.215532341287216e-09,7.240775411011383e-09,5.2660184807355516e-09,4.739416632661996e-08,4.739416632661996e-08,2.606679147964098e-07,5.450329127561296e-07,3.554562474496497e-07,3.3175916428633974e-07,3.3175916428633974e-07,2.606679147964098e-07,1.8957666530647985e-07
2020-04-01,1.6662167674146232e-07,1.6662167674146232e-07,9.164192220780427e-07,1.916149282526817e-06,1.2496625755609674e-06,1.1663517371902363e-06,1.1663517371902363e-06,9.164192220780427e-07,6.664867069658493e-07,1.6574931194176883e-08,1.6574931194176883e-08,9.116212156797286e-08,1.9061170873303416e-07,1.2431198395632661e-07,1.1602451835923818e-07,1.1602451835923818e-07,9.116212156797286e-08,6.629972477670753e-08,5.234188798161122e-09,5.234188798161122e-09,2.8788038389886167e-08,6.01931711788529e-08,3.925641598620841e-08,3.663932158712785e-08,3.663932158712785e-08,2.8788038389886167e-08,2.0936755192644487e-08,9.59601279662872e-09,9.59601279662872e-09,5.2778070381457966e-08,1.1035414716123029e-07,7.19700959747154e-08,6.717208957640106e-08,6.717208957640106e-08,5.2778070381457966e-08,3.838405118651488e-08,1.30854719954028e-08,1.30854719954028e-08,7.19700959747154e-08,1.5048292794713222e-07,9.8141039965521e-08,9.15983039678196e-08,9.15983039678196e-08,7.19700959747154e-08,5.23418879816112e-08,1.7447295993870402e-08,1.7447295993870402e-08,9.596012796628721e-08,2.0064390392950963e-07,1.30854719954028e-07,1.2213107195709282e-07,1.2213107195709282e-07,9.596012796628721e-08,6.978918397548161e-08,0.0,0.0,0.0,0.0,0.0,0.0,0.0,0.0,0.0,1.4830201594789842e-08,1.4830201594789842e-08,8.156610877134413e-08,1.7054731834008319e-07,1.1122651196092381e-07,1.038114111635289e-07,1.038114111635289e-07,8.156610877134413e-08,5.9320806379159367e-08,3.1405132788966726e-08,3.1405132788966726e-08,1.7272823033931698e-07,3.611590270731173e-07,2.3553849591725041e-07,2.198359295227671e-07,2.198359295227671e-07,1.7272823033931698e-07,1.256205311558669e-07,1.0468377596322244e-08,1.0468377596322244e-08,5.7576076779772334e-08,1.203863423577058e-07,7.851283197241682e-08,7.32786431742557e-08,7.32786431742557e-08,5.7576076779772334e-08,4.1873510385288974e-08,3.751168638682136e-08,3.751168638682136e-08,2.063142751275175e-07,4.3138439344844565e-07,2.813376479011602e-07,2.6258180470774954e-07,2.6258180470774954e-07,2.063142751275175e-07,1.5004674554728545e-07,1.0468377596322244e-08,1.0468377596322244e-08,5.7576076779772334e-08,1.203863423577058e-07,7.851283197241682e-08,7.32786431742557e-08,7.32786431742557e-08,5.7576076779772334e-08,4.1873510385288974e-08,3.1405132788966726e-08,3.1405132788966726e-08,1.7272823033931698e-07,3.611590270731173e-07,2.3553849591725041e-07,2.198359295227671e-07,2.198359295227671e-07,1.7272823033931698e-07,1.256205311558669e-07,7.589573757333625e-08,7.589573757333625e-08,4.174265566533494e-07,8.728009820933668e-07,5.692180318000218e-07,5.312701630133538e-07,5.312701630133538e-07,4.174265566533494e-07,3.03582950293345e-07,2.5298579191112082e-08,2.5298579191112082e-08,1.3914218555111645e-07,2.90933660697789e-07,1.897393439333406e-07,1.770900543377846e-07,1.770900543377846e-07,1.3914218555111645e-07,1.0119431676444833e-07,1.4568492154881787e-07,1.4568492154881787e-07,8.012670685184982e-07,1.6753765978114055e-06,1.092636911616134e-06,1.0197944508417252e-06,1.0197944508417252e-06,8.012670685184982e-07,5.827396861952715e-07,9.59601279662872e-09,9.59601279662872e-09,5.2778070381457966e-08,1.1035414716123029e-07,7.19700959747154e-08,6.717208957640106e-08,6.717208957640106e-08,5.2778070381457966e-08,3.838405118651488e-08,1.4830201594789842e-08,1.4830201594789842e-08,8.156610877134413e-08,1.7054731834008319e-07,1.1122651196092381e-07,1.038114111635289e-07,1.038114111635289e-07,8.156610877134413e-08,5.9320806379159367e-08,2.617094399080561e-09,2.617094399080561e-09,1.4394019194943083e-08,3.009658558942645e-08,1.9628207993104204e-08,1.8319660793563925e-08,1.8319660793563925e-08,1.4394019194943083e-08,1.0468377596322244e-08,5.7576076779772334e-08,5.7576076779772334e-08,3.1666842228874785e-07,6.621248829673819e-07,4.3182057584829246e-07,4.0303253745840636e-07,4.0303253745840636e-07,3.1666842228874785e-07,2.3030430711908934e-07
2020-04-02,1.959638587762697e-07,1.959638587762697e-07,1.0778012232694835e-06,2.2535843759271018e-06,1.4697289408220229e-06,1.371747011433888e-06,1.371747011433888e-06,1.0778012232694835e-06,7.838554351050788e-07,1.9493786998686517e-08,1.9493786998686517e-08,1.0721582849277584e-07,2.2417855048489494e-07,1.4620340249014885e-07,1.3645650899080562e-07,1.3645650899080562e-07,1.0721582849277584e-07,7.797514799474607e-08,6.155932736427322e-09,6.155932736427322e-09,3.3857630050350265e-08,7.07932264689142e-08,4.616949552320491e-08,4.309152915499125e-08,4.309152915499125e-08,3.3857630050350265e-08,2.4623730945709287e-08,1.1285876683450086e-08,1.1285876683450086e-08,6.207232175897547e-08,1.2978758185967599e-07,8.464407512587564e-08,7.900113678415061e-08,7.900113678415061e-08,6.207232175897547e-08,4.5143506733800344e-08,1.53898318410683e-08,1.53898318410683e-08,8.464407512587565e-08,1.7698306617228546e-07,1.1542373880801225e-07,1.0772882288747812e-07,1.0772882288747812e-07,8.464407512587565e-08,6.15593273642732e-08,2.051977578809107e-08,2.051977578809107e-08,1.1285876683450087e-07,2.359774215630473e-07,1.53898318410683e-07,1.4363843051663748e-07,1.4363843051663748e-07,1.1285876683450087e-07,8.207910315236428e-08,0.0,0.0,0.0,0.0,0.0,0.0,0.0,0.0,0.0,1.744180941987741e-08,1.744180941987741e-08,9.592995180932575e-08,2.005808083285902e-07,1.3081357064908058e-07,1.2209266593914189e-07,1.2209266593914189e-07,9.592995180932575e-08,6.976723767950963e-08,3.693559641856392e-08,3.693559641856392e-08,2.031457803021016e-07,4.2475935881348515e-07,2.770169731392294e-07,2.585491749299475e-07,2.585491749299475e-07,2.031457803021016e-07,1.477423856742557e-07,1.2311865472854644e-08,1.2311865472854644e-08,6.771526010070053e-08,1.415864529378284e-07,9.233899104640982e-08,8.61830583099825e-08,8.61830583099825e-08,6.771526010070053e-08,4.9247461891418574e-08,4.41175179443958e-08,4.41175179443958e-08,2.426463486941769e-07,5.073514563605517e-07,3.3088138458296847e-07,3.088226256107706e-07,3.088226256107706e-07,2.426463486941769e-07,1.764700717775832e-07,1.2311865472854644e-08,1.2311865472854644e-08,6.771526010070053e-08,1.415864529378284e-07,9.233899104640982e-08,8.61830583099825e-08,8.61830583099825e-08,6.771526010070053e-08,4.9247461891418574e-08,3.693559641856392e-08,3.693559641856392e-08,2.031457803021016e-07,4.2475935881348515e-07,2.770169731392294e-07,2.585491749299475e-07,2.585491749299475e-07,2.031457803021016e-07,1.477423856742557e-07,8.926102467819615e-08,8.926102467819615e-08,4.909356357300788e-07,1.0265017837992557e-06,6.694576850864711e-07,6.248271727473731e-07,6.248271727473731e-07,4.909356357300788e-07,3.570440987127846e-07,2.975367489273205e-08,2.975367489273205e-08,1.636452119100263e-07,3.421672612664186e-07,2.2315256169549037e-07,2.0827572424912436e-07,2.0827572424912436e-07,1.636452119100263e-07,1.190146995709282e-07,1.7134012783056041e-07,1.7134012783056041e-07,9.423707030680823e-07,1.970411470051445e-06,1.2850509587292032e-06,1.1993808948139231e-06,1.1993808948139231e-06,9.423707030680823e-07,6.853605113222417e-07,1.1285876683450086e-08,1.1285876683450086e-08,6.207232175897547e-08,1.2978758185967599e-07,8.464407512587564e-08,7.900113678415061e-08,7.900113678415061e-08,6.207232175897547e-08,4.5143506733800344e-08,1.744180941987741e-08,1.744180941987741e-08,9.592995180932575e-08,2.005808083285902e-07,1.3081357064908058e-07,1.2209266593914189e-07,1.2209266593914189e-07,9.592995180932575e-08,6.976723767950963e-08,3.077966368213661e-09,3.077966368213661e-09,1.6928815025175132e-08,3.53966132344571e-08,2.3084747761602455e-08,2.1545764577495626e-08,2.1545764577495626e-08,1.6928815025175132e-08,1.2311865472854644e-08,6.771526010070053e-08,6.771526010070053e-08,3.724339305538529e-07,7.787254911580561e-07,5.078644507552539e-07,4.7400682070490373e-07,4.7400682070490373e-07,3.724339305538529e-07,2.708610404028021e-07
2020-04-03,2.856910410113835e-07,2.856910410113835e-07,1.5713007255626093e-06,3.2854469716309105e-06,2.1426828075853762e-06,1.9998372870796848e-06,1.9998372870796848e-06,1.5713007255626093e-06,1.142764164045534e-06,2.2608643533274953e-08,2.2608643533274953e-08,1.2434753943301223e-07,2.599994006326619e-07,1.6956482649956214e-07,1.5826050473292468e-07,1.5826050473292468e-07,1.2434753943301223e-07,9.043457413309981e-08,4.110662460595447e-09,4.110662460595447e-09,2.2608643533274956e-08,4.727261829684764e-08,3.082996845446585e-08,2.8774637224168128e-08,2.8774637224168128e-08,2.2608643533274956e-08,1.6442649842381788e-08,4.110662460595447e-09,4.110662460595447e-09,2.2608643533274956e-08,4.727261829684764e-08,3.082996845446585e-08,2.8774637224168128e-08,2.8774637224168128e-08,2.2608643533274956e-08,1.6442649842381788e-08,8.221324921190894e-09,8.221324921190894e-09,4.521728706654991e-08,9.454523659369528e-08,6.16599369089317e-08,5.7549274448336256e-08,5.7549274448336256e-08,4.521728706654991e-08,3.2885299684763576e-08,1.0276656151488616e-08,1.0276656151488616e-08,5.652160883318739e-08,1.1818154574211909e-07,7.707492113616462e-08,7.193659306042033e-08,7.193659306042033e-08,5.652160883318739e-08,4.1106624605954464e-08,0.0,0.0,0.0,0.0,0.0,0.0,0.0,0.0,0.0,1.849798107267951e-08,1.849798107267951e-08,1.017388958997373e-07,2.1272678233581434e-07,1.387348580450963e-07,1.2948586750875657e-07,1.2948586750875657e-07,1.017388958997373e-07,7.399192429071803e-08,4.5217287066549906e-08,4.5217287066549906e-08,2.4869507886602447e-07,5.199988012653238e-07,3.391296529991243e-07,3.1652100946584937e-07,3.1652100946584937e-07,2.4869507886602447e-07,1.8086914826619962e-07,1.233198738178634e-08,1.233198738178634e-08,6.782593059982487e-08,1.4181785489054292e-07,9.248990536339755e-08,8.632391167250438e-08,8.632391167250438e-08,6.782593059982487e-08,4.932794952714536e-08,7.604725552101575e-08,7.604725552101575e-08,4.1825990536558663e-07,8.745434384916812e-07,5.703544164076181e-07,5.323307886471104e-07,5.323307886471104e-07,4.1825990536558663e-07,3.04189022084063e-07,3.2885299684763576e-08,3.2885299684763576e-08,1.8086914826619965e-07,3.781809463747811e-07,2.466397476357268e-07,2.3019709779334502e-07,2.3019709779334502e-07,1.8086914826619965e-07,1.315411987390543e-07,3.082996845446584e-08,3.082996845446584e-08,1.6956482649956214e-07,3.545446372263572e-07,2.312247634084938e-07,2.1580977918126094e-07,2.1580977918126094e-07,1.6956482649956214e-07,1.2331987381786337e-07,3.082996845446584e-08,3.082996845446584e-08,1.6956482649956214e-07,3.545446372263572e-07,2.312247634084938e-07,2.1580977918126094e-07,2.1580977918126094e-07,1.6956482649956214e-07,1.2331987381786337e-07,1.6442649842381788e-08,1.6442649842381788e-08,9.043457413309982e-08,1.8909047318739056e-07,1.233198738178634e-07,1.1509854889667251e-07,1.1509854889667251e-07,9.043457413309982e-08,6.577059936952715e-08,9.248990536339753e-08,9.248990536339753e-08,5.086944794986864e-07,1.0636339116790716e-06,6.936742902254815e-07,6.474293375437827e-07,6.474293375437827e-07,5.086944794986864e-07,3.6995962145359013e-07,1.6442649842381788e-08,1.6442649842381788e-08,9.043457413309982e-08,1.8909047318739056e-07,1.233198738178634e-07,1.1509854889667251e-07,1.1509854889667251e-07,9.043457413309982e-08,6.577059936952715e-08,3.4940630915061296e-08,3.4940630915061296e-08,1.9217347003283713e-07,4.018172555232049e-07,2.620547318629597e-07,2.445844164054291e-07,2.445844164054291e-07,1.9217347003283713e-07,1.3976252366024518e-07,6.16599369089317e-09,6.16599369089317e-09,3.3912965299912436e-08,7.090892744527146e-08,4.624495268169877e-08,4.316195583625219e-08,4.316195583625219e-08,3.3912965299912436e-08,2.466397476357268e-08,9.248990536339753e-08,9.248990536339753e-08,5.086944794986864e-07,1.0636339116790716e-06,6.936742902254815e-07,6.474293375437827e-07,6.474293375437827e-07,5.086944794986864e-07,3.6995962145359013e-07
2020-04-04,2.9334500875656746e-07,2.9334500875656746e-07,1.613397548161121e-06,3.3734676007005256e-06,2.2000875656742556e-06,2.0534150612959724e-06,2.0534150612959724e-06,1.613397548161121e-06,1.1733800350262698e-06,2.6269702276707533e-08,2.6269702276707533e-08,1.4448336252189144e-07,3.0210157618213663e-07,1.9702276707530648e-07,1.8388791593695274e-07,1.8388791593695274e-07,1.4448336252189144e-07,1.0507880910683013e-07,4.378283712784589e-09,4.378283712784589e-09,2.408056042031524e-08,5.035026269702277e-08,3.283712784588441e-08,3.0647985989492126e-08,3.0647985989492126e-08,2.408056042031524e-08,1.7513134851138356e-08,8.756567425569178e-09,8.756567425569178e-09,4.816112084063048e-08,1.0070052539404554e-07,6.567425569176883e-08,6.129597197898425e-08,6.129597197898425e-08,4.816112084063048e-08,3.502626970227671e-08,6.567425569176883e-09,6.567425569176883e-09,3.612084063047286e-08,7.552539404553416e-08,4.925569176882662e-08,4.5971978984238186e-08,4.5971978984238186e-08,3.612084063047286e-08,2.6269702276707533e-08,3.94045534150613e-08,3.94045534150613e-08,2.1672504378283714e-07,4.531523642732049e-07,2.955341506129597e-07,2.758318739054291e-07,2.758318739054291e-07,2.1672504378283714e-07,1.576182136602452e-07,2.1891418563922945e-09,2.1891418563922945e-09,1.204028021015762e-08,2.5175131348511386e-08,1.6418563922942206e-08,1.5323992994746063e-08,1.5323992994746063e-08,1.204028021015762e-08,8.756567425569178e-09,1.532399299474606e-08,1.532399299474606e-08,8.428196147110333e-08,1.762259194395797e-07,1.1492994746059544e-07,1.0726795096322242e-07,1.0726795096322242e-07,8.428196147110333e-08,6.129597197898424e-08,4.816112084063047e-08,4.816112084063047e-08,2.648861646234676e-07,5.538528896672504e-07,3.612084063047285e-07,3.371278458844133e-07,3.371278458844133e-07,2.648861646234676e-07,1.926444833625219e-07,4.378283712784589e-09,4.378283712784589e-09,2.408056042031524e-08,5.035026269702277e-08,3.283712784588441e-08,3.0647985989492126e-08,3.0647985989492126e-08,2.408056042031524e-08,1.7513134851138356e-08,6.567425569176883e-08,6.567425569176883e-08,3.6120840630472855e-07,7.552539404553415e-07,4.925569176882662e-07,4.597197898423818e-07,4.597197898423818e-07,3.6120840630472855e-07,2.626970227670753e-07,1.3134851138353766e-08,1.3134851138353766e-08,7.224168126094572e-08,1.5105078809106832e-07,9.851138353765324e-08,9.194395796847637e-08,9.194395796847637e-08,7.224168126094572e-08,5.2539404553415065e-08,4.159369527145359e-08,4.159369527145359e-08,2.2876532399299475e-07,4.783274956217163e-07,3.119527145359019e-07,2.9115586690017517e-07,2.9115586690017517e-07,2.2876532399299475e-07,1.6637478108581437e-07,0.0,0.0,0.0,0.0,0.0,0.0,0.0,0.0,0.0,1.3134851138353766e-08,1.3134851138353766e-08,7.224168126094572e-08,1.5105078809106832e-07,9.851138353765324e-08,9.194395796847637e-08,9.194395796847637e-08,7.224168126094572e-08,5.2539404553415065e-08,1.7950963222416813e-07,1.7950963222416813e-07,9.873029772329247e-07,2.0643607705779334e-06,1.3463222416812608e-06,1.256567425569177e-06,1.256567425569177e-06,9.873029772329247e-07,7.180385288966725e-07,4.378283712784589e-09,4.378283712784589e-09,2.408056042031524e-08,5.035026269702277e-08,3.283712784588441e-08,3.0647985989492126e-08,3.0647985989492126e-08,2.408056042031524e-08,1.7513134851138356e-08,1.970227670753065e-08,1.970227670753065e-08,1.0836252189141857e-07,2.2657618213660246e-07,1.4776707530647985e-07,1.3791593695271456e-07,1.3791593695271456e-07,1.0836252189141857e-07,7.88091068301226e-08,1.3134851138353766e-08,1.3134851138353766e-08,7.224168126094572e-08,1.5105078809106832e-07,9.851138353765324e-08,9.194395796847637e-08,9.194395796847637e-08,7.224168126094572e-08,5.2539404553415065e-08,7.224168126094572e-08,7.224168126094572e-08,3.9732924693520144e-07,8.307793345008757e-07,5.418126094570928e-07,5.056917688266201e-07,5.056917688266201e-07,3.9732924693520144e-07,2.8896672504378287e-07
2020-04-05,1.5846526854203155e-07,1.5846526854203155e-07,8.715589769811735e-07,1.822350588233363e-06,1.1884895140652366e-06,1.109256879794221e-06,1.109256879794221e-06,8.715589769811735e-07,6.338610741681262e-07,1.4190919570928198e-08,1.4190919570928198e-08,7.80500576401051e-08,1.631955750656743e-07,1.0643189678196148e-07,9.93364369964974e-08,9.93364369964974e-08,7.80500576401051e-08,5.6763678283712794e-08,2.365153261821366e-09,2.365153261821366e-09,1.3008342940017514e-08,2.719926251094571e-08,1.7738649463660245e-08,1.6556072832749566e-08,1.6556072832749566e-08,1.3008342940017514e-08,9.460613047285464e-09,4.730306523642732e-09,4.730306523642732e-09,2.6016685880035028e-08,5.439852502189142e-08,3.547729892732049e-08,3.311214566549913e-08,3.311214566549913e-08,2.6016685880035028e-08,1.8921226094570928e-08,3.5477298927320496e-09,3.5477298927320496e-09,1.9512514410026274e-08,4.0798893766418574e-08,2.660797419549037e-08,2.483410924912435e-08,2.483410924912435e-08,1.9512514410026274e-08,1.4190919570928198e-08,2.1286379356392293e-08,2.1286379356392293e-08,1.1707508646015761e-07,2.447933625985114e-07,1.596478451729422e-07,1.4900465549474606e-07,1.4900465549474606e-07,1.1707508646015761e-07,8.514551742556917e-08,1.182576630910683e-09,1.182576630910683e-09,6.504171470008757e-09,1.3599631255472855e-08,8.869324731830123e-09,8.278036416374783e-09,8.278036416374783e-09,6.504171470008757e-09,4.730306523642732e-09,8.278036416374781e-09,8.278036416374781e-09,4.552920029006129e-08,9.519741878830998e-08,6.208527312281086e-08,5.794625491462347e-08,5.794625491462347e-08,4.552920029006129e-08,3.3112145665499125e-08,2.6016685880035025e-08,2.6016685880035025e-08,1.4309177234019264e-07,2.991918876204028e-07,1.9512514410026267e-07,1.821168011602452e-07,1.821168011602452e-07,1.4309177234019264e-07,1.040667435201401e-07,2.365153261821366e-09,2.365153261821366e-09,1.3008342940017514e-08,2.719926251094571e-08,1.7738649463660245e-08,1.6556072832749566e-08,1.6556072832749566e-08,1.3008342940017514e-08,9.460613047285464e-09,3.547729892732049e-08,3.547729892732049e-08,1.951251441002627e-07,4.0798893766418564e-07,2.660797419549037e-07,2.4834109249124343e-07,2.4834109249124343e-07,1.951251441002627e-07,1.4190919570928196e-07,7.095459785464099e-09,7.095459785464099e-09,3.902502882005255e-08,8.159778753283715e-08,5.321594839098074e-08,4.96682184982487e-08,4.96682184982487e-08,3.902502882005255e-08,2.8381839141856397e-08,2.246895598730298e-08,2.246895598730298e-08,1.2357925793016638e-07,2.5839299385398426e-07,1.6851716990477233e-07,1.5728269191112085e-07,1.5728269191112085e-07,1.2357925793016638e-07,8.987582394921192e-08,0.0,0.0,0.0,0.0,0.0,0.0,0.0,0.0,0.0,7.095459785464099e-09,7.095459785464099e-09,3.902502882005255e-08,8.159778753283715e-08,5.321594839098074e-08,4.96682184982487e-08,4.96682184982487e-08,3.902502882005255e-08,2.8381839141856397e-08,9.6971283734676e-08,9.6971283734676e-08,5.33342060540718e-07,1.115169762948774e-06,7.2728462801007e-07,6.78798986142732e-07,6.78798986142732e-07,5.33342060540718e-07,3.87885134938704e-07,2.365153261821366e-09,2.365153261821366e-09,1.3008342940017514e-08,2.719926251094571e-08,1.7738649463660245e-08,1.6556072832749566e-08,1.6556072832749566e-08,1.3008342940017514e-08,9.460613047285464e-09,1.0643189678196147e-08,1.0643189678196147e-08,5.8537543230078806e-08,1.223966812992557e-07,7.98239225864711e-08,7.450232774737303e-08,7.450232774737303e-08,5.8537543230078806e-08,4.257275871278459e-08,7.095459785464099e-09,7.095459785464099e-09,3.902502882005255e-08,8.159778753283715e-08,5.321594839098074e-08,4.96682184982487e-08,4.96682184982487e-08,3.902502882005255e-08,2.8381839141856397e-08,3.902502882005255e-08,3.902502882005255e-08,2.14637658510289e-07,4.487878314306043e-07,2.9268771615039407e-07,2.7317520174036786e-07,2.7317520174036786e-07,2.14637658510289e-07,1.561001152802102e-07
