,taz_id,cases_prop
0,1,0.0009333961080722049
1,2,0.0007731863283284683
2,3,0.0007731863283284683
3,4,0.0007731863283284683
4,5,0.0007731863283284683
5,6,0.0007731863283284683
6,7,0.0007731863283284683
7,8,0.0007731863283284683
8,9,0.0007731863283284683
9,10,0.0007731863283284683
10,11,0.0007731863283284683
11,12,0.0007731863283284683
12,13,0.0007731863283284683
13,14,0.0007731863283284683
14,15,0.0007731863283284683
15,16,0.0007731863283284683
16,17,0.0007731863283284683
17,18,0.0007731863283284683
18,19,0.0007731863283284683
19,20,0.0007731863283284683
20,21,0.0007731863283284683
21,22,0.0007731863283284683
22,23,0.0007731863283284683
23,24,0.0007731863283284683
24,25,0.0007731863283284683
25,26,0.0007731863283284683
26,27,0.0007731863283284683
27,28,0.0007731863283284683
28,29,0.0007731863283284683
29,30,0.0007731863283284683
30,31,0.0007731863283284683
31,32,0.0007731863283284683
32,33,0.0007731863283284683
33,34,0.0007731863283284683
34,35,0.0007731863283284683
35,36,0.0007731863283284683
36,37,0.0007731863283284683
37,38,0.0007731863283284683
38,39,0.0007731863283284683
39,40,0.0007731863283284683
40,41,0.0007731863283284683
41,42,0.0007731863283284683
42,43,0.0007731863283284683
43,44,0.0007731863283284683
44,45,0.0007731863283284683
45,46,0.0007731863283284683
46,47,0.0007731863283284683
47,48,0.0007731863283284683
48,49,0.0007731863283284683
49,50,0.0007731863283284683
50,51,0.0007731863283284683
51,52,0.0007731863283284683
52,53,0.0007731863283284683
53,54,0.0007731863283284683
54,55,0.0007731863283284683
55,56,0.0007731863283284683
56,57,0.0007731863283284683
57,58,0.0007731863283284683
58,59,0.0007731863283284683
59,60,0.0007731863283284683
60,61,0.0007731863283284683
61,62,0.0007731863283284683
62,63,0.0007731863283284683
63,64,0.0007731863283284683
64,65,0.0007731863283284683
65,66,0.0007731863283284683
66,67,0.0007731863283284683
67,68,0.0007731863283284683
68,69,0.0007731863283284683
69,70,0.0007731863283284683
70,71,0.0007731863283284683
71,72,0.0007731863283284683
72,73,0.0007731863283284683
73,74,0.0007731863283284683
74,75,0.0007731863283284683
75,76,0.0007731863283284683
76,77,0.0007731863283284683
77,78,0.0007731863283284683
78,79,0.0007731863283284683
79,80,0.0007731863283284683
80,81,0.0
81,82,0.0007731863283284683
82,83,0.0
83,84,0.0
84,85,0.0007731863283284683
85,86,0.0
86,87,0.0007731863283284683
87,88,0.0007731863283284683
88,89,0.0007731863283284683
89,90,0.0007731863283284683
90,91,0.0007731863283284683
91,92,0.0007731863283284683
92,93,0.0007731863283284683
93,94,0.0007731863283284683
94,95,0.0007731863283284683
95,96,0.0007731863283284683
96,97,0.0007731863283284683
97,98,0.0007731863283284683
98,99,0.0007731863283284683
99,100,0.0007731863283284683
100,101,0.0007731863283284683
101,102,0.0007731863283284683
102,103,0.0007731863283284683
103,104,0.0007731863283284683
104,105,0.0007731863283284683
105,106,0.0007731863283284683
106,107,0.0007731863283284683
107,108,0.0007731863283284683
108,109,0.0007731863283284683
109,110,0.0007731863283284683
110,111,0.0007731863283284683
111,112,0.0007731863283284683
112,113,0.0007731863283284683
113,114,0.0007731863283284683
114,115,0.0007731863283284683
115,116,0.0007731863283284683
116,117,0.0007731863283284683
117,118,0.0007731863283284683
118,119,0.0007731863283284683
119,120,0.0007731863283284683
120,121,0.0007731863283284683
121,122,0.0007731863283284683
122,123,0.0007731863283284683
123,124,0.0007731863283284683
124,125,0.0007731863283284683
125,126,0.0007731863283284683
126,127,0.00034303174653853665
127,128,0.00034303174653853665
128,129,0.00034303174653853665
129,130,0.00034303174653853665
130,131,0.00034303174653853665
131,132,0.00034303174653853665
132,133,0.00034303174653853665
133,134,0.00034303174653853665
134,135,0.00034303174653853665
135,136,0.00034303174653853665
136,137,0.00034303174653853665
137,138,0.00034303174653853665
138,139,0.00034303174653853665
139,140,0.00034303174653853665
140,141,0.00034303174653853665
141,142,0.00034303174653853665
142,143,0.00034303174653853665
143,144,0.00034303174653853665
144,145,0.00034303174653853665
145,146,0.00034303174653853665
146,147,0.00034303174653853665
147,148,0.00034303174653853665
148,149,0.00034303174653853665
149,150,0.00034303174653853665
150,151,0.00034303174653853665
151,152,0.00034303174653853665
152,153,0.00034303174653853665
153,154,0.00034303174653853665
154,155,0.00034303174653853665
155,156,0.00034303174653853665
156,157,0.00034303174653853665
157,158,0.00034303174653853665
158,159,0.00034303174653853665
159,160,0.00034303174653853665
160,161,0.00034303174653853665
161,162,0.00034303174653853665
162,163,0.00034303174653853665
163,164,0.00034303174653853665
164,165,0.00034303174653853665
165,166,0.00034303174653853665
166,167,0.00034303174653853665
167,168,0.00034303174653853665
168,169,0.00034303174653853665
169,170,0.00034303174653853665
170,171,0.00034303174653853665
171,172,0.00034303174653853665
172,173,0.00034303174653853665
173,174,0.00034303174653853665
174,175,0.00034303174653853665
175,176,0.00034303174653853665
176,177,0.00034303174653853665
177,178,0.00034303174653853665
178,179,0.00034303174653853665
179,180,0.00034303174653853665
180,181,0.00034303174653853665
181,182,0.00034303174653853665
182,183,0.00034303174653853665
183,184,0.00034303174653853665
184,185,0.00034303174653853665
185,186,0.00034303174653853665
186,187,0.00034303174653853665
187,188,0.00034303174653853665
188,189,0.00034303174653853665
189,190,0.00034303174653853665
190,191,0.00034303174653853665
191,192,0.00034303174653853665
192,193,0.00034303174653853665
193,194,0.00034303174653853665
194,195,0.00034303174653853665
195,196,0.00034303174653853665
196,197,0.00034303174653853665
197,198,0.00034303174653853665
198,199,0.00034303174653853665
199,200,0.00034303174653853665
200,201,0.004526764906272773
201,202,0.00034303174653853665
202,203,0.00034303174653853665
203,204,0.00034303174653853665
204,205,0.00034303174653853665
205,206,0.00034303174653853665
206,207,0.00034303174653853665
207,208,0.00034303174653853665
208,209,0.00034303174653853665
209,210,0.00034303174653853665
210,211,0.00034303174653853665
211,212,0.00034303174653853665
212,213,0.00034303174653853665
213,214,0.00034303174653853665
214,215,0.00034303174653853665
215,216,0.00034303174653853665
216,217,0.00034303174653853665
217,218,0.00034303174653853665
218,219,0.00034303174653853665
219,220,0.00034303174653853665
220,221,0.00034303174653853665
221,222,0.00034303174653853665
222,223,0.00034303174653853665
223,224,0.00034303174653853665
224,225,0.00034303174653853665
225,226,0.00034303174653853665
226,227,0.00034303174653853665
227,228,0.00034303174653853665
228,229,0.00034303174653853665
229,230,0.00034303174653853665
230,231,0.00034303174653853665
231,232,0.00034303174653853665
232,233,0.00034303174653853665
233,234,0.00034303174653853665
234,235,0.004526764906272773
235,236,0.004526764906272773
236,237,0.004526764906272773
237,238,0.004526764906272773
238,239,0.004526764906272773
239,240,0.004526764906272773
240,241,0.004526764906272773
241,242,0.004526764906272773
242,243,0.004526764906272773
243,244,0.004526764906272773
244,245,0.004526764906272773
245,246,0.004526764906272773
246,247,0.004526764906272773
247,248,0.004526764906272773
248,249,0.004526764906272773
249,250,0.004526764906272773
250,251,0.004526764906272773
251,252,0.004526764906272773
252,253,0.004526764906272773
253,254,0.004526764906272773
254,255,0.00034303174653853665
255,256,0.00034303174653853665
256,257,0.00034303174653853665
257,258,0.00034303174653853665
258,259,0.00034303174653853665
259,260,0.00034303174653853665
260,261,0.00034303174653853665
261,262,0.00034303174653853665
262,263,0.00034303174653853665
263,264,0.00034303174653853665
264,265,0.00034303174653853665
265,266,0.00034303174653853665
266,267,0.00034303174653853665
267,268,0.00034303174653853665
268,269,0.00034303174653853665
269,270,0.00034303174653853665
270,271,0.00034303174653853665
271,272,0.00034303174653853665
272,273,0.00034303174653853665
273,274,0.0004962472254880586
274,275,0.0004962472254880586
275,276,0.0004962472254880586
276,277,0.0004962472254880586
277,278,0.0004962472254880586
278,279,0.0004962472254880586
279,280,0.0004962472254880586
280,281,0.0004962472254880586
281,282,0.0004962472254880586
282,283,0.0004962472254880586
283,284,0.0004962472254880586
284,285,0.0004962472254880586
285,286,0.0004962472254880586
286,287,0.0004962472254880586
287,288,0.0004962472254880586
288,289,0.00034303174653853665
289,290,0.00034303174653853665
290,291,0.00034303174653853665
291,292,0.00034303174653853665
292,293,0.00034303174653853665
293,294,0.00034303174653853665
294,295,0.00034303174653853665
295,296,0.00034303174653853665
296,297,0.00034303174653853665
297,298,0.00034303174653853665
298,299,0.00034303174653853665
299,300,0.00034303174653853665
300,301,0.00034303174653853665
301,302,0.00034303174653853665
302,303,0.00034303174653853665
303,304,0.00034303174653853665
304,305,0.00034303174653853665
305,306,0.00034303174653853665
306,307,0.00034303174653853665
307,308,0.00034303174653853665
308,309,0.00034303174653853665
309,310,0.00034303174653853665
310,311,0.00034303174653853665
311,312,0.00034303174653853665
312,313,0.00034303174653853665
313,314,0.00034303174653853665
314,315,0.00034303174653853665
315,316,0.00034303174653853665
316,317,0.00034303174653853665
317,318,0.00034303174653853665
318,319,0.00034303174653853665
319,320,0.00034303174653853665
320,321,0.00034303174653853665
321,322,0.00034303174653853665
322,323,0.00034303174653853665
323,324,0.00034303174653853665
324,325,0.00034303174653853665
325,326,0.00034303174653853665
326,327,0.00034303174653853665
327,328,0.00034303174653853665
328,329,0.00034303174653853665
329,330,0.00034303174653853665
330,331,0.00034303174653853665
331,332,0.00034303174653853665
332,333,0.00034303174653853665
333,334,0.00034303174653853665
334,335,0.00034303174653853665
335,336,0.00034303174653853665
336,337,0.00034303174653853665
337,338,0.00034303174653853665
338,339,0.00034303174653853665
339,340,0.00034303174653853665
340,341,0.00034303174653853665
341,342,0.00034303174653853665
342,343,0.00034303174653853665
343,344,0.00034303174653853665
344,345,0.00034303174653853665
345,346,0.00034303174653853665
346,347,0.00034303174653853665
347,348,0.00034303174653853665
348,349,0.00034303174653853665
349,350,0.00034303174653853665
350,351,0.0004962472254880586
351,352,0.0004962472254880586
352,353,0.0004962472254880586
353,354,0.0004962472254880586
354,355,0.0004962472254880586
355,356,0.0004962472254880586
356,357,0.0004962472254880586
357,358,0.0004962472254880586
358,359,0.0004962472254880586
359,360,0.0004962472254880586
360,361,0.0004962472254880586
361,362,0.0004962472254880586
362,363,0.0004962472254880586
363,364,0.0004962472254880586
364,365,0.0004962472254880586
365,366,0.0004962472254880586
366,367,0.0004962472254880586
367,368,0.0004962472254880586
368,369,0.0004962472254880586
369,370,0.0004962472254880586
370,371,0.0004962472254880586
371,372,0.0004962472254880586
372,373,0.0004962472254880586
373,374,0.0004962472254880586
374,375,0.0004962472254880586
375,376,0.0004962472254880586
376,377,0.0004962472254880586
377,378,0.0004962472254880586
378,379,0.0004962472254880586
379,380,0.0004962472254880586
380,381,0.0004962472254880586
381,382,0.0004962472254880586
382,383,0.0004962472254880586
383,384,0.0004962472254880586
384,385,0.0004962472254880586
385,386,0.0004962472254880586
386,387,0.0004962472254880586
387,388,0.0004962472254880586
388,389,0.0004962472254880586
389,390,0.0004962472254880586
390,391,0.0004962472254880586
391,392,0.0004962472254880586
392,393,0.0004962472254880586
393,394,0.0004962472254880586
394,395,0.0004962472254880586
395,396,0.0004962472254880586
396,397,0.0004962472254880586
397,398,0.0004962472254880586
398,399,0.0004962472254880586
399,400,0.0004962472254880586
400,401,0.0004962472254880586
401,402,0.0004962472254880586
402,403,0.0004962472254880586
403,404,0.0004962472254880586
404,405,0.0004962472254880586
405,406,0.0004962472254880586
406,407,0.0004962472254880586
407,408,0.0004962472254880586
408,409,0.0004962472254880586
409,410,0.0004962472254880586
410,411,0.0004962472254880586
411,412,0.0004962472254880586
412,413,0.0004962472254880586
413,414,0.0004962472254880586
414,415,0.0004962472254880586
415,416,0.0004962472254880586
416,417,0.0004962472254880586
417,418,0.0004962472254880586
418,419,0.0004962472254880586
419,420,0.0004962472254880586
420,421,0.0004962472254880586
421,422,0.0004962472254880586
422,423,0.0004962472254880586
423,424,0.0004962472254880586
424,425,0.0004962472254880586
425,426,0.0004962472254880586
426,427,0.0004962472254880586
427,428,0.0004962472254880586
428,429,0.0004962472254880586
429,430,0.0004962472254880586
430,431,0.0004962472254880586
431,432,0.0004962472254880586
432,433,0.0004962472254880586
433,434,0.0004962472254880586
434,435,0.0004962472254880586
435,436,0.0004962472254880586
436,437,0.0004962472254880586
437,438,0.0004962472254880586
438,439,0.0004962472254880586
439,440,0.0004962472254880586
440,441,0.0004962472254880586
441,442,0.0004962472254880586
442,443,0.0004962472254880586
443,444,0.0004962472254880586
444,445,0.0004962472254880586
445,446,0.0004962472254880586
446,447,0.0004962472254880586
447,448,0.0004962472254880586
448,449,0.0004962472254880586
449,450,0.0004962472254880586
450,451,0.0004962472254880586
451,452,0.0004962472254880586
452,453,0.0004962472254880586
453,454,0.0004962472254880586
454,455,0.0004962472254880586
455,456,0.0004962472254880586
456,457,0.0004962472254880586
457,458,0.0004962472254880586
458,459,0.0004962472254880586
459,460,0.00048433955968261023
460,461,0.00048433955968261023
461,462,0.00048433955968261023
462,463,0.00048433955968261023
463,464,0.00048433955968261023
464,465,0.00048433955968261023
465,466,0.00048433955968261023
466,467,0.0003850175019917499
467,468,0.00048433955968261023
468,469,0.00048433955968261023
469,470,0.00048433955968261023
470,471,0.0
471,472,0.0
472,473,0.00048433955968261023
473,474,0.00048433955968261023
474,475,0.0
475,476,0.0
476,477,0.0
477,478,0.00048433955968261023
478,479,0.00048433955968261023
479,480,0.00048433955968261023
480,481,0.00048433955968261023
481,482,0.00048433955968261023
482,483,0.00048433955968261023
483,484,0.00048433955968261023
484,485,0.00048433955968261023
485,486,0.00048433955968261023
486,487,0.00048433955968261023
487,488,0.0003850175019917499
488,489,0.0003850175019917499
489,490,0.0003850175019917499
490,491,0.0003850175019917499
491,492,0.0003850175019917499
492,493,0.0003850175019917499
493,494,0.0003850175019917499
494,495,0.0003850175019917499
495,496,0.0003850175019917499
496,497,0.0003850175019917499
497,498,0.0003850175019917499
498,499,0.0003850175019917499
499,500,0.0003850175019917499
500,501,0.0003850175019917499
501,502,0.0003850175019917499
502,503,0.00048433955968261023
503,504,0.00048433955968261023
504,505,0.00048433955968261023
505,506,0.00048433955968261023
506,507,0.00048433955968261023
507,508,0.00048433955968261023
508,509,0.00048433955968261023
509,510,0.0003850175019917499
510,511,0.0003850175019917499
511,512,0.0003850175019917499
512,513,0.0003850175019917499
513,514,0.0003850175019917499
514,515,0.0003850175019917499
515,516,0.0003850175019917499
516,517,0.0003850175019917499
517,518,0.0003850175019917499
518,519,0.0003850175019917499
519,520,0.0003850175019917499
520,521,0.0003850175019917499
521,522,0.0003850175019917499
522,523,0.0003850175019917499
523,524,0.0003850175019917499
524,525,0.0003850175019917499
525,526,0.0003850175019917499
526,527,0.0003850175019917499
527,528,0.0003850175019917499
528,529,0.0003850175019917499
529,530,0.0003850175019917499
530,531,0.0003850175019917499
531,532,0.0003850175019917499
532,533,0.0003850175019917499
533,534,0.0003850175019917499
534,535,0.0003850175019917499
535,536,0.0003850175019917499
536,537,0.0003850175019917499
537,538,0.0003850175019917499
538,539,0.0003850175019917499
539,540,0.0003850175019917499
540,541,0.0003850175019917499
541,542,0.0003850175019917499
542,543,0.0003850175019917499
543,544,0.0003850175019917499
544,545,0.0003850175019917499
545,546,0.0003850175019917499
546,547,0.0003850175019917499
547,548,0.0003850175019917499
548,549,0.0003850175019917499
549,550,0.0003850175019917499
550,551,0.0003850175019917499
551,552,0.0003850175019917499
552,553,0.0003850175019917499
553,554,0.0003850175019917499
554,555,0.0003850175019917499
555,556,0.0003850175019917499
556,557,0.0003850175019917499
557,558,0.0003850175019917499
558,559,0.0003850175019917499
559,560,0.0003850175019917499
560,561,0.0003850175019917499
561,562,0.0003850175019917499
562,563,0.0003850175019917499
563,564,0.0003850175019917499
564,565,0.0003850175019917499
565,566,0.0003850175019917499
566,567,0.0003850175019917499
567,568,0.0003850175019917499
568,569,0.0003850175019917499
569,570,0.0003850175019917499
570,571,0.0003850175019917499
571,572,0.0003850175019917499
572,573,0.0003850175019917499
573,574,0.0003850175019917499
574,575,0.0003850175019917499
575,576,0.0003850175019917499
576,577,0.0003850175019917499
577,578,0.0003850175019917499
578,579,0.0003850175019917499
579,580,0.0003850175019917499
580,581,0.0003850175019917499
581,582,0.0003850175019917499
582,583,0.0003850175019917499
583,584,0.0003850175019917499
584,585,0.0003850175019917499
585,586,0.0003850175019917499
586,587,0.0003850175019917499
587,588,0.0003850175019917499
588,589,0.0003850175019917499
589,590,0.0003850175019917499
590,591,0.0003850175019917499
591,592,0.0003850175019917499
592,593,0.0003850175019917499
593,594,0.0003850175019917499
594,595,0.0003850175019917499
595,596,0.0003850175019917499
596,597,0.0003850175019917499
597,598,0.0003850175019917499
598,599,0.0003850175019917499
599,600,0.0003850175019917499
600,601,0.0003850175019917499
601,602,0.0003850175019917499
602,603,0.0003850175019917499
603,604,0.0003850175019917499
604,605,0.0003850175019917499
605,606,0.0003850175019917499
606,607,0.00048433955968261023
607,608,0.00048433955968261023
608,609,0.0
609,610,0.00048433955968261023
610,611,0.00048433955968261023
611,612,0.00048433955968261023
612,613,0.00048433955968261023
613,614,0.00048433955968261023
614,615,0.00048433955968261023
615,616,0.00048433955968261023
616,617,0.00048433955968261023
617,618,0.00048433955968261023
618,619,0.00048433955968261023
619,620,0.00048433955968261023
620,621,0.00048433955968261023
621,622,0.0
622,623,0.00048433955968261023
623,624,0.00048433955968261023
624,625,0.00048433955968261023
625,626,0.0004962472254880586
626,627,0.0004962472254880586
627,628,0.0004962472254880586
628,629,0.0004962472254880586
629,630,0.0004962472254880586
630,631,0.0004962472254880586
631,632,0.0004962472254880586
632,633,0.0004962472254880586
633,634,0.0004962472254880586
634,635,0.0004962472254880586
635,636,0.0004962472254880586
636,637,0.0004962472254880586
637,638,0.0004962472254880586
638,639,0.0004962472254880586
639,640,0.0004962472254880586
640,641,0.0004962472254880586
641,642,0.0004962472254880586
642,643,0.0004962472254880586
643,644,0.0004962472254880586
644,645,0.0004962472254880586
645,646,0.0004962472254880586
646,647,0.0004962472254880586
647,648,0.0004962472254880586
648,649,0.0004962472254880586
649,650,0.0004962472254880586
650,651,0.0004962472254880586
651,652,0.0004962472254880586
652,653,0.0003273249717199028
653,654,0.0003273249717199028
654,655,0.0003273249717199028
655,656,0.0003273249717199028
656,657,0.0003273249717199028
657,658,0.0003273249717199028
658,659,0.0003273249717199028
659,660,0.0003273249717199028
660,661,0.0003273249717199028
661,662,0.0003273249717199028
662,663,0.0003273249717199028
663,664,0.0003273249717199028
664,665,0.0003273249717199028
665,666,0.0003273249717199028
666,667,0.0003273249717199028
667,668,0.0003273249717199028
668,669,0.0003273249717199028
669,670,0.0003273249717199028
670,671,0.0003273249717199028
671,672,0.0003273249717199028
672,673,0.0003273249717199028
673,674,0.0003273249717199028
674,675,0.0003273249717199028
675,676,0.0003273249717199028
676,677,0.0003273249717199028
677,678,0.0003273249717199028
678,679,0.0003273249717199028
679,680,0.0003273249717199028
680,681,0.0003273249717199028
681,682,0.0003273249717199028
682,683,0.0003273249717199028
683,684,0.0003273249717199028
684,685,0.0003273249717199028
685,686,0.0003273249717199028
686,687,0.0003273249717199028
687,688,0.0003273249717199028
688,689,0.0003273249717199028
689,690,0.0003273249717199028
690,691,0.0003273249717199028
691,692,0.0003273249717199028
692,693,0.0003273249717199028
693,694,0.0003273249717199028
694,695,0.0003273249717199028
695,696,0.0003273249717199028
696,697,0.0003273249717199028
697,698,0.0003273249717199028
698,699,0.0003273249717199028
699,700,0.0003273249717199028
700,701,0.0003273249717199028
701,702,0.0003273249717199028
702,703,0.0003273249717199028
703,704,0.0003273249717199028
704,705,0.0003273249717199028
705,706,0.0003273249717199028
706,707,0.0003273249717199028
707,708,0.0004962472254880586
708,709,0.0004962472254880586
709,710,0.0004962472254880586
710,711,0.0004962472254880586
711,712,0.0004962472254880586
712,713,0.0004962472254880586
713,714,0.0004962472254880586
714,715,0.0004962472254880586
715,716,0.0004962472254880586
716,717,0.0004962472254880586
717,718,0.0004962472254880586
718,719,0.0004962472254880586
719,720,0.0004962472254880586
720,721,0.0004962472254880586
721,722,0.0004962472254880586
722,723,0.0004962472254880586
723,724,0.0004962472254880586
724,725,0.0004962472254880586
725,726,0.0004962472254880586
726,727,0.00048433955968261023
727,728,0.00048433955968261023
728,729,0.00048433955968261023
729,730,0.00048433955968261023
730,731,0.00048433955968261023
731,732,0.00048433955968261023
732,733,0.00048433955968261023
733,734,0.00048433955968261023
734,735,0.00048433955968261023
735,736,0.00048433955968261023
736,737,0.00048433955968261023
737,738,0.00048433955968261023
738,739,0.00048433955968261023
739,740,0.00048433955968261023
740,741,0.00048433955968261023
741,742,0.00048433955968261023
742,743,0.00048433955968261023
743,744,0.00048433955968261023
744,745,0.00048433955968261023
745,746,0.00048433955968261023
746,747,0.00048433955968261023
747,748,0.00048433955968261023
748,749,0.00048433955968261023
749,750,0.00048433955968261023
750,751,0.00048433955968261023
751,752,0.00048433955968261023
752,753,0.0005685117969735826
753,754,0.0005685117969735826
754,755,0.0005685117969735826
755,756,0.0005685117969735826
756,757,0.0005685117969735826
757,758,0.0005685117969735826
758,759,0.0005685117969735826
759,760,0.0005685117969735826
760,761,0.0005685117969735826
761,762,0.0005685117969735826
762,763,0.0005685117969735826
763,764,0.0005685117969735826
764,765,0.0005685117969735826
765,766,0.0005685117969735826
766,767,0.0005685117969735826
767,768,0.0005685117969735826
768,769,0.0005685117969735826
769,770,0.0005685117969735826
770,771,0.0005685117969735826
771,772,0.0005685117969735826
772,773,0.0005685117969735826
773,774,0.0005685117969735826
774,775,0.0005685117969735826
775,776,0.0005685117969735826
776,777,0.0005685117969735826
777,778,0.0005685117969735826
778,779,0.0005685117969735826
779,780,0.0005685117969735826
780,781,0.0005685117969735826
781,782,0.0005685117969735826
782,783,0.0005685117969735826
783,784,0.0005685117969735826
784,785,0.0005685117969735826
785,786,0.0005685117969735826
786,787,0.0005685117969735826
787,788,0.0005685117969735826
788,789,0.0005685117969735826
789,790,0.0005685117969735826
790,791,0.0003850175019917499
791,792,0.0003850175019917499
792,793,0.0003850175019917499
793,794,0.0003850175019917499
794,795,0.0003850175019917499
795,796,0.0003850175019917499
796,797,0.0003850175019917499
797,798,0.0003850175019917499
798,799,0.0003850175019917499
799,800,0.0003850175019917499
800,801,0.0003850175019917499
801,802,0.0003850175019917499
802,803,0.0003850175019917499
803,804,0.0003850175019917499
804,805,0.0003850175019917499
805,806,0.0003850175019917499
806,807,0.0003850175019917499
807,808,0.0003850175019917499
808,809,0.0003850175019917499
809,810,0.0003850175019917499
810,811,0.0003850175019917499
811,812,0.0003850175019917499
812,813,0.0003850175019917499
813,814,0.0003850175019917499
814,815,0.0003850175019917499
815,816,0.0003850175019917499
816,817,0.0003850175019917499
817,818,0.0003850175019917499
818,819,0.0003850175019917499
819,820,0.0003850175019917499
820,821,0.0003850175019917499
821,822,0.0003273249717199028
822,823,0.0003273249717199028
823,824,0.0003273249717199028
824,825,0.0003273249717199028
825,826,0.0003273249717199028
826,827,0.0003273249717199028
827,828,0.0003273249717199028
828,829,0.0003273249717199028
829,830,0.0003273249717199028
830,831,0.0
831,832,0.0003273249717199028
832,833,0.0003273249717199028
833,834,0.0003273249717199028
834,835,0.0003273249717199028
835,836,0.0003273249717199028
836,837,0.0003273249717199028
837,838,0.0003273249717199028
838,839,0.0003273249717199028
839,840,0.0003273249717199028
840,841,0.0003273249717199028
841,842,0.0003273249717199028
842,843,0.0003273249717199028
843,844,0.0003273249717199028
844,845,0.0003273249717199028
845,846,0.0003273249717199028
846,847,0.0003273249717199028
847,848,0.0003273249717199028
848,849,0.0003273249717199028
849,850,0.0003273249717199028
850,851,0.0003273249717199028
851,852,0.0003273249717199028
852,853,0.0003273249717199028
853,854,0.0003273249717199028
854,855,0.0003273249717199028
855,856,0.0003273249717199028
856,857,0.0
857,858,0.0
858,859,0.0003273249717199028
859,860,0.0
860,861,0.0
861,862,0.0
862,863,0.0
863,864,0.0
864,865,0.0
865,866,0.0
866,867,0.0
867,868,0.0
868,869,0.0
869,870,0.0
870,871,0.0
871,872,0.0003273249717199028
872,873,0.0003273249717199028
873,874,0.0003273249717199028
874,875,0.0003273249717199028
875,876,0.0003273249717199028
876,877,0.0003273249717199028
877,878,0.0003273249717199028
878,879,0.0004962472254880586
879,880,0.0004962472254880586
880,881,0.0004962472254880586
881,882,0.0004962472254880586
882,883,0.0004962472254880586
883,884,0.0004962472254880586
884,885,0.0004962472254880586
885,886,0.0004962472254880586
886,887,0.0004962472254880586
887,888,0.0004962472254880586
888,889,0.0004962472254880586
889,890,0.0004962472254880586
890,891,0.0004962472254880586
891,892,0.0004962472254880586
892,893,0.0004962472254880586
893,894,0.0004962472254880586
894,895,0.0004962472254880586
895,896,0.0
896,897,0.0
897,898,0.0004962472254880586
898,899,0.0004962472254880586
899,900,0.0
900,901,0.0
901,902,0.0
902,903,0.0004962472254880586
903,904,0.0004962472254880586
904,905,0.0004962472254880586
905,906,0.00048433955968261023
906,907,0.0004962472254880586
907,908,0.0004962472254880586
908,909,0.0004962472254880586
909,910,0.0004962472254880586
910,911,0.0004962472254880586
911,912,0.0004962472254880586
912,913,0.0004962472254880586
913,914,0.00048433955968261023
914,915,0.00048433955968261023
915,916,0.00048433955968261023
916,917,0.00048433955968261023
917,918,0.00048433955968261023
918,919,0.00048433955968261023
919,920,0.00048433955968261023
920,921,0.00048433955968261023
921,922,0.00048433955968261023
922,923,0.00048433955968261023
923,924,0.0
924,925,0.00048433955968261023
925,926,0.00048433955968261023
926,927,0.00048433955968261023
927,928,0.00048433955968261023
928,929,0.00048433955968261023
929,930,0.00048433955968261023
930,931,0.00048433955968261023
931,932,0.00048433955968261023
932,933,0.0004962472254880586
933,934,0.00048433955968261023
934,935,0.00048433955968261023
935,936,0.00048433955968261023
936,937,0.00048433955968261023
937,938,0.00048433955968261023
938,939,0.0003850175019917499
939,940,0.0003850175019917499
940,941,0.0003850175019917499
941,942,0.0003850175019917499
942,943,0.0003850175019917499
943,944,0.0003850175019917499
944,945,0.0003850175019917499
945,946,0.0003850175019917499
946,947,0.0003850175019917499
947,948,0.0003850175019917499
948,949,0.0003850175019917499
949,950,0.0003850175019917499
950,951,0.0003850175019917499
951,952,0.0003850175019917499
952,953,0.0003850175019917499
953,954,0.0003850175019917499
954,955,0.0003850175019917499
955,956,0.0003850175019917499
956,957,0.0003850175019917499
957,958,0.0003850175019917499
958,959,0.00034303174653853665
959,960,0.00034303174653853665
960,961,0.00034303174653853665
961,962,0.00034303174653853665
962,963,0.0004962472254880586
963,964,0.0004962472254880586
964,965,0.0004962472254880586
965,966,0.0004962472254880586
966,967,0.0004962472254880586
967,968,0.0004962472254880586
968,969,0.0004962472254880586
969,970,0.0004962472254880586
970,971,0.0004962472254880586
971,972,0.0004962472254880586
972,973,0.0004962472254880586
973,974,0.0004962472254880586
974,975,0.0004962472254880586
975,976,0.0004962472254880586
976,977,0.0004962472254880586
977,978,0.0003273249717199028
978,979,0.0003273249717199028
979,980,0.0003273249717199028
980,981,0.0003273249717199028
981,982,0.0003273249717199028
982,983,0.0003273249717199028
983,984,0.0003273249717199028
984,985,0.0003273249717199028
985,986,0.0003273249717199028
986,987,0.0003850175019917499
987,988,0.0003850175019917499
988,989,0.0003850175019917499
989,990,0.0003850175019917499
990,991,0.0003850175019917499
991,992,0.0003850175019917499
992,993,0.0003850175019917499
993,994,0.0005685117969735826
994,995,0.0003850175019917499
995,996,0.00034303174653853665
996,997,0.00034303174653853665
997,998,0.00034303174653853665
998,999,0.00034303174653853665
999,1000,0.00034303174653853665
1000,1001,0.0007731863283284683
1001,1002,0.0007731863283284683
1002,1003,0.0007731863283284683
1003,1004,0.0007731863283284683
1004,1005,0.0007731863283284683
1005,1006,0.0007731863283284683
1006,1007,0.00034303174653853665
1007,1008,0.00034303174653853665
1008,1009,0.00034303174653853665
1009,1010,0.00034303174653853665
1010,1011,0.00034303174653853665
1011,1012,0.00034303174653853665
1012,1013,0.00034303174653853665
1013,1014,0.00034303174653853665
1014,1015,0.00034303174653853665
1015,1016,0.00034303174653853665
1016,1017,0.00034303174653853665
1017,1018,0.00034303174653853665
1018,1019,0.00034303174653853665
1019,1020,0.00034303174653853665
1020,1021,0.00034303174653853665
1021,1022,0.0004962472254880586
1022,1023,0.0004962472254880586
1023,1024,0.0004962472254880586
1024,1025,0.0004962472254880586
1025,1026,0.00034303174653853665
1026,1027,0.00034303174653853665
1027,1028,0.00034303174653853665
1028,1029,0.00034303174653853665
1029,1030,0.00034303174653853665
1030,1031,0.00034303174653853665
1031,1032,0.00034303174653853665
1032,1033,0.00048433955968261023
1033,1034,0.00048433955968261023
1034,1035,0.00048433955968261023
1035,1036,0.00048433955968261023
1036,1037,0.00048433955968261023
1037,1038,0.0007731863283284683
1038,1039,0.0007731863283284683
1039,1040,0.0007731863283284683
1040,1041,0.0
1041,1042,0.0
1042,1043,0.0
1043,1044,0.0004962472254880586
1044,1045,0.0
1045,1046,0.000479876886540442
1046,1047,0.000479876886540442
1047,1048,0.000479876886540442
1048,1049,0.000479876886540442
1049,1050,0.000479876886540442
1050,1051,0.000479876886540442
1051,1052,0.000479876886540442
1052,1053,0.000479876886540442
1053,1054,0.000479876886540442
1054,1055,0.000479876886540442
1055,1056,0.000479876886540442
1056,1057,0.000479876886540442
1057,1058,0.000479876886540442
1058,1059,0.000479876886540442
1059,1060,0.000479876886540442
1060,1061,0.000479876886540442
1061,1062,0.000479876886540442
1062,1063,0.000479876886540442
1063,1064,0.000479876886540442
1064,1065,0.000479876886540442
1065,1066,0.000479876886540442
1066,1067,0.000479876886540442
1067,1068,0.000479876886540442
1068,1069,0.000479876886540442
1069,1070,0.000479876886540442
1070,1071,0.000479876886540442
1071,1072,0.000479876886540442
1072,1073,0.000479876886540442
1073,1074,0.000479876886540442
1074,1075,0.000479876886540442
1075,1076,0.000479876886540442
1076,1077,0.000479876886540442
1077,1078,0.000479876886540442
1078,1079,0.000479876886540442
1079,1080,0.000479876886540442
1080,1081,0.000479876886540442
1081,1082,0.000479876886540442
1082,1083,0.000479876886540442
1083,1084,0.000479876886540442
1084,1085,0.000479876886540442
1085,1086,0.000479876886540442
1086,1087,0.000479876886540442
1087,1088,0.000479876886540442
1088,1089,0.000479876886540442
1089,1090,0.000479876886540442
1090,1091,0.000479876886540442
1091,1092,0.000479876886540442
1092,1093,0.000479876886540442
1093,1094,0.000479876886540442
1094,1095,0.000479876886540442
1095,1096,0.000479876886540442
1096,1097,0.000479876886540442
1097,1098,0.000479876886540442
1098,1099,0.000479876886540442
1099,1100,0.000479876886540442
1100,1101,0.000479876886540442
1101,1102,0.000479876886540442
1102,1103,0.000479876886540442
1103,1104,0.000479876886540442
1104,1105,0.000479876886540442
1105,1106,0.000479876886540442
1106,1107,0.000479876886540442
1107,1108,0.000479876886540442
1108,1109,0.000479876886540442
1109,1110,0.000479876886540442
1110,1111,0.000479876886540442
1111,1112,0.000479876886540442
1112,1113,0.000479876886540442
1113,1114,0.000479876886540442
1114,1115,0.000479876886540442
1115,1116,0.000479876886540442
1116,1117,0.000479876886540442
1117,1118,0.000479876886540442
1118,1119,0.000479876886540442
1119,1120,0.000479876886540442
1120,1121,0.000479876886540442
1121,1122,0.000479876886540442
1122,1123,0.000479876886540442
1123,1124,0.000479876886540442
1124,1125,0.000479876886540442
1125,1126,0.000479876886540442
1126,1127,0.000479876886540442
1127,1128,0.000479876886540442
1128,1129,0.000479876886540442
1129,1130,0.000479876886540442
1130,1131,0.000479876886540442
1131,1132,0.000479876886540442
1132,1133,0.000479876886540442
1133,1134,0.000479876886540442
1134,1135,0.000479876886540442
1135,1136,0.000479876886540442
1136,1137,0.000479876886540442
1137,1138,0.000479876886540442
1138,1139,0.000479876886540442
1139,1140,0.000479876886540442
1140,1141,0.000479876886540442
1141,1142,0.000479876886540442
1142,1143,0.000479876886540442
1143,1144,0.000479876886540442
1144,1145,0.000479876886540442
1145,1146,0.000479876886540442
1146,1147,0.000479876886540442
1147,1148,0.000479876886540442
1148,1149,0.000479876886540442
1149,1150,0.000479876886540442
1150,1151,0.000479876886540442
1151,1152,0.000479876886540442
1152,1153,0.000479876886540442
1153,1154,0.000479876886540442
1154,1155,0.000479876886540442
1155,1156,0.000479876886540442
1156,1157,0.000479876886540442
1157,1158,0.000479876886540442
1158,1159,0.000479876886540442
1159,1160,0.000479876886540442
1160,1161,0.000479876886540442
1161,1162,0.000479876886540442
1162,1163,0.000479876886540442
1163,1164,0.000479876886540442
1164,1165,0.000479876886540442
1165,1166,0.000479876886540442
1166,1167,0.000479876886540442
1167,1168,0.000479876886540442
1168,1169,0.000479876886540442
1169,1170,0.000479876886540442
1170,1171,0.000479876886540442
1171,1172,0.000479876886540442
1172,1173,0.000479876886540442
1173,1174,0.000479876886540442
1174,1175,0.000479876886540442
1175,1176,0.000479876886540442
1176,1177,0.000479876886540442
1177,1178,0.000479876886540442
1178,1179,0.000479876886540442
1179,1180,0.000479876886540442
1180,1181,0.000479876886540442
1181,1182,0.000479876886540442
1182,1183,0.000479876886540442
1183,1184,0.000479876886540442
1184,1185,0.000479876886540442
1185,1186,0.000479876886540442
1186,1187,0.000479876886540442
1187,1188,0.000479876886540442
1188,1189,0.000479876886540442
1189,1190,0.000479876886540442
1190,1191,0.000479876886540442
1191,1192,0.000479876886540442
1192,1193,0.000479876886540442
1193,1194,0.000479876886540442
1194,1195,0.000479876886540442
1195,1196,0.000479876886540442
1196,1197,0.000479876886540442
1197,1198,0.000479876886540442
1198,1199,0.000479876886540442
1199,1200,0.000479876886540442
1200,1201,0.000479876886540442
1201,1202,0.000479876886540442
1202,1203,0.000479876886540442
1203,1204,0.000479876886540442
1204,1205,0.000479876886540442
1205,1206,0.000479876886540442
1206,1207,0.000479876886540442
1207,1208,0.000479876886540442
1208,1209,0.000479876886540442
1209,1210,0.000479876886540442
1210,1211,0.000479876886540442
1211,1212,0.000479876886540442
1212,1213,0.000479876886540442
1213,1214,0.000479876886540442
1214,1215,0.000479876886540442
1215,1216,0.000479876886540442
1216,1217,0.000479876886540442
1217,1218,0.000479876886540442
1218,1219,0.000479876886540442
1219,1220,0.000479876886540442
1220,1221,0.000479876886540442
1221,1222,0.000479876886540442
1222,1223,0.000479876886540442
1223,1224,0.000479876886540442
1224,1225,0.000479876886540442
1225,1226,0.000479876886540442
1226,1227,0.000479876886540442
1227,1228,0.000479876886540442
1228,1229,0.000479876886540442
1229,1230,0.000479876886540442
1230,1231,0.000479876886540442
1231,1232,0.000479876886540442
1232,1233,0.000479876886540442
1233,1234,0.000479876886540442
1234,1235,0.000479876886540442
1235,1236,0.000479876886540442
1236,1237,0.000479876886540442
1237,1238,0.000479876886540442
1238,1239,0.000479876886540442
1239,1240,0.000479876886540442
1240,1241,0.000479876886540442
1241,1242,0.000479876886540442
1242,1243,0.000479876886540442
1243,1244,0.000479876886540442
1244,1245,0.000479876886540442
1245,1246,0.000479876886540442
1246,1247,0.000479876886540442
1247,1248,0.000479876886540442
1248,1249,0.000479876886540442
1249,1250,0.000479876886540442
1250,1251,0.000479876886540442
1251,1252,0.000479876886540442
1252,1253,0.000479876886540442
1253,1254,0.000479876886540442
1254,1255,0.000479876886540442
1255,1256,0.000479876886540442
1256,1257,0.000479876886540442
1257,1258,0.000479876886540442
1258,1259,0.000479876886540442
1259,1260,0.000479876886540442
1260,1261,0.000479876886540442
1261,1262,0.000479876886540442
1262,1263,0.000479876886540442
1263,1264,0.000479876886540442
1264,1265,0.000479876886540442
1265,1266,0.000479876886540442
1266,1267,0.000479876886540442
1267,1268,0.000479876886540442
1268,1269,0.000479876886540442
1269,1270,0.000479876886540442
1270,1271,0.000479876886540442
1271,1272,0.000479876886540442
1272,1273,0.000479876886540442
1273,1274,0.000479876886540442
1274,1275,0.000479876886540442
1275,1276,0.000479876886540442
1276,1277,0.000479876886540442
1277,1278,0.000479876886540442
1278,1279,0.000479876886540442
1279,1280,0.000479876886540442
1280,1281,0.000479876886540442
1281,1282,0.000479876886540442
1282,1283,0.000479876886540442
1283,1284,0.00031965427631295906
1284,1285,0.00031965427631295906
1285,1286,0.00031965427631295906
1286,1287,0.00031965427631295906
1287,1288,0.00031965427631295906
1288,1289,0.00031965427631295906
1289,1290,0.00031965427631295906
1290,1291,0.00031965427631295906
1291,1292,0.00031965427631295906
1292,1293,0.00031965427631295906
1293,1294,0.00031965427631295906
1294,1295,0.00031965427631295906
1295,1296,0.00031965427631295906
1296,1297,0.00031965427631295906
1297,1298,0.00031965427631295906
1298,1299,0.00031965427631295906
1299,1300,0.00031965427631295906
1300,1301,0.00031965427631295906
1301,1302,0.00031965427631295906
1302,1303,0.00031965427631295906
1303,1304,0.000479876886540442
1304,1305,0.000479876886540442
1305,1306,0.000479876886540442
1306,1307,0.000479876886540442
1307,1308,0.000479876886540442
1308,1309,0.000479876886540442
1309,1310,0.000479876886540442
1310,1311,0.000479876886540442
1311,1312,0.000479876886540442
1312,1313,0.000479876886540442
1313,1314,0.000479876886540442
1314,1315,0.000479876886540442
1315,1316,0.000479876886540442
1316,1317,0.000479876886540442
1317,1318,0.000479876886540442
1318,1319,0.000479876886540442
1319,1320,0.00031965427631295906
1320,1321,0.00031965427631295906
1321,1322,0.00031965427631295906
1322,1323,0.00031965427631295906
1323,1324,0.00031965427631295906
1324,1325,0.00031965427631295906
1325,1326,0.00031965427631295906
1326,1327,0.00031965427631295906
1327,1328,0.00031965427631295906
1328,1329,0.00031965427631295906
1329,1330,0.00031965427631295906
1330,1331,0.00031965427631295906
1331,1332,0.00031965427631295906
1332,1333,0.00031965427631295906
1333,1334,0.00031965427631295906
1334,1335,0.00031965427631295906
1335,1336,0.00031965427631295906
1336,1337,0.00031965427631295906
1337,1338,0.00031965427631295906
1338,1339,0.00031965427631295906
1339,1340,0.00031965427631295906
1340,1341,0.00031965427631295906
1341,1342,0.00031965427631295906
1342,1343,0.00031965427631295906
1343,1344,0.00031965427631295906
1344,1345,0.00031965427631295906
1345,1346,0.00031965427631295906
1346,1347,0.00031965427631295906
1347,1348,0.00031965427631295906
1348,1349,0.00031965427631295906
1349,1350,0.00031965427631295906
1350,1351,0.00031965427631295906
1351,1352,0.00031965427631295906
1352,1353,0.00031965427631295906
1353,1354,0.00031965427631295906
1354,1355,0.00031965427631295906
1355,1356,0.00031965427631295906
1356,1357,0.00031965427631295906
1357,1358,0.00031965427631295906
1358,1359,0.00031965427631295906
1359,1360,0.00031965427631295906
1360,1361,0.00031965427631295906
1361,1362,0.00031965427631295906
1362,1363,0.00031965427631295906
1363,1364,0.00031965427631295906
1364,1365,0.00031965427631295906
1365,1366,0.00031965427631295906
1366,1367,0.00031965427631295906
1367,1368,0.00031965427631295906
1368,1369,0.00031965427631295906
1369,1370,0.00031965427631295906
1370,1371,0.00031965427631295906
1371,1372,0.00031965427631295906
1372,1373,0.00026884478839799567
1373,1374,0.00026884478839799567
1374,1375,0.00026884478839799567
1375,1376,0.00026884478839799567
1376,1377,0.00026884478839799567
1377,1378,0.00026884478839799567
1378,1379,0.000479876886540442
1379,1380,0.00026884478839799567
1380,1381,0.00026884478839799567
1381,1382,0.00026884478839799567
1382,1383,0.00026884478839799567
1383,1384,0.00026884478839799567
1384,1385,0.00026884478839799567
1385,1386,0.00026884478839799567
1386,1387,0.00026884478839799567
1387,1388,0.00026884478839799567
1388,1389,0.00026884478839799567
1389,1390,0.00026884478839799567
1390,1391,0.00026884478839799567
1391,1392,0.00026884478839799567
1392,1393,0.00026884478839799567
1393,1394,0.00026884478839799567
1394,1395,0.00026884478839799567
1395,1396,0.00026884478839799567
1396,1397,0.00026884478839799567
1397,1398,0.00026884478839799567
1398,1399,0.00026884478839799567
1399,1400,0.00026884478839799567
1400,1401,0.00026884478839799567
1401,1402,0.00026884478839799567
1402,1403,0.00026884478839799567
1403,1404,0.00026884478839799567
1404,1405,0.00026884478839799567
1405,1406,0.00026884478839799567
1406,1407,0.00026884478839799567
1407,1408,0.00026884478839799567
1408,1409,0.00026884478839799567
1409,1410,0.00026884478839799567
1410,1411,0.00026884478839799567
1411,1412,0.00026884478839799567
1412,1413,0.00026884478839799567
1413,1414,0.00026884478839799567
1414,1415,0.00026884478839799567
1415,1416,0.00026884478839799567
1416,1417,0.00026884478839799567
1417,1418,0.00026884478839799567
1418,1419,0.00026884478839799567
1419,1420,0.000479876886540442
1420,1421,0.000479876886540442
1421,1422,0.000479876886540442
1422,1423,0.000479876886540442
1423,1424,0.000479876886540442
1424,1425,0.000479876886540442
1425,1426,0.000479876886540442
1426,1427,0.000479876886540442
1427,1428,0.000479876886540442
1428,1429,0.00026884478839799567
1429,1430,0.00026884478839799567
1430,1431,0.000479876886540442
1431,1432,0.00026884478839799567
1432,1433,0.000479876886540442
1433,1434,0.000479876886540442
1434,1435,0.000479876886540442
1435,1436,0.000479876886540442
1436,1437,0.000479876886540442
1437,1438,0.000479876886540442
1438,1439,0.000479876886540442
1439,1440,0.000479876886540442
1440,1441,0.000479876886540442
1441,1442,0.00031965427631295906
1442,1443,0.00031965427631295906
1443,1444,0.000479876886540442
1444,1445,0.00031965427631295906
1445,1446,0.00031965427631295906
1446,1447,0.00031965427631295906
1447,1448,0.00031965427631295906
1448,1449,0.00031965427631295906
1449,1450,0.00031965427631295906
1450,1451,0.00031965427631295906
1451,1452,0.00031965427631295906
1452,1453,0.00031965427631295906
1453,1454,0.00031965427631295906
1454,1455,0.00031965427631295906
1455,1456,0.00031965427631295906
1456,1457,0.00031965427631295906
1457,1458,0.00031965427631295906
1458,1459,0.00031965427631295906
1459,1460,0.00031965427631295906
1460,1461,0.00031965427631295906
1461,1462,0.00031965427631295906
1462,1463,0.00031965427631295906
1463,1464,0.00031965427631295906
1464,1465,0.00031965427631295906
1465,1466,0.00031965427631295906
1466,1467,0.00031965427631295906
1467,1468,0.00031965427631295906
1468,1469,0.00031965427631295906
1469,1470,0.00031965427631295906
1470,1471,0.00031965427631295906
1471,1472,0.00031965427631295906
1472,1473,0.00031965427631295906
1473,1474,0.00031965427631295906
1474,1475,0.00031965427631295906
1475,1476,0.00031965427631295906
1476,1477,0.000479876886540442
1477,1478,0.000479876886540442
1478,1479,0.000479876886540442
1479,1480,0.000479876886540442
1480,1481,0.000479876886540442
1481,1482,0.000479876886540442
1482,1483,0.000479876886540442
1483,1484,0.000479876886540442
1484,1485,0.000479876886540442
1485,1486,0.000479876886540442
1486,1487,0.000479876886540442
1487,1488,0.000479876886540442
1488,1489,0.000479876886540442
1489,1490,0.000479876886540442
1490,1491,0.000479876886540442
1491,1492,0.000479876886540442
1492,1493,0.00031965427631295906
1493,1494,0.00031965427631295906
1494,1495,0.00031965427631295906
1495,1496,0.00031965427631295906
1496,1497,0.00031965427631295906
1497,1498,0.00031965427631295906
1498,1499,0.00031965427631295906
1499,1500,0.00031965427631295906
1500,1501,0.00031965427631295906
1501,1502,0.00031965427631295906
1502,1503,0.00031965427631295906
1503,1504,0.00031965427631295906
1504,1505,0.00031965427631295906
1505,1506,0.00031965427631295906
1506,1507,0.00031965427631295906
1507,1508,0.00031965427631295906
1508,1509,0.00031965427631295906
1509,1510,0.00031965427631295906
1510,1511,0.00031965427631295906
1511,1512,0.00031965427631295906
1512,1513,0.00031965427631295906
1513,1514,0.00031965427631295906
1514,1515,0.00031965427631295906
1515,1516,0.00031965427631295906
1516,1517,0.00031965427631295906
1517,1518,0.00031965427631295906
1518,1519,0.00031965427631295906
1519,1520,0.00031965427631295906
1520,1521,0.00031965427631295906
1521,1522,0.00031965427631295906
1522,1523,0.00031965427631295906
1523,1524,0.00031965427631295906
1524,1525,0.00031965427631295906
1525,1526,0.00031965427631295906
1526,1527,0.00031965427631295906
1527,1528,0.00031965427631295906
1528,1529,0.00031965427631295906
1529,1530,0.00031965427631295906
1530,1531,0.00031965427631295906
1531,1532,0.00031965427631295906
1532,1533,0.00031965427631295906
1533,1534,0.00031965427631295906
1534,1535,0.00031965427631295906
1535,1536,0.00031965427631295906
1536,1537,0.00031965427631295906
1537,1538,0.00031965427631295906
1538,1539,0.00031965427631295906
1539,1540,0.00031965427631295906
1540,1541,0.00031965427631295906
1541,1542,0.00031965427631295906
1542,1543,0.00031965427631295906
1543,1544,0.00031965427631295906
1544,1545,0.00031965427631295906
1545,1546,0.00031965427631295906
1546,1547,0.00031965427631295906
1547,1548,0.000479876886540442
1548,1549,0.000479876886540442
1549,1550,0.000479876886540442
1550,1551,0.000479876886540442
1551,1552,0.000479876886540442
1552,1553,0.0
1553,1554,0.000479876886540442
1554,1555,0.00031965427631295906
1555,1556,0.000479876886540442
1556,1557,0.00031965427631295906
1557,1558,0.00031965427631295906
1558,1559,0.00031965427631295906
1559,1560,0.00031965427631295906
1560,1561,0.00031965427631295906
1561,1562,0.00031965427631295906
1562,1563,0.00031965427631295906
1563,1564,0.00031965427631295906
1564,1565,0.00031965427631295906
1565,1566,0.00031965427631295906
1566,1567,0.00031965427631295906
1567,1568,0.00031965427631295906
1568,1569,0.00031965427631295906
1569,1570,0.00031965427631295906
1570,1571,0.00031965427631295906
1571,1572,0.00031965427631295906
1572,1573,0.00031965427631295906
1573,1574,0.00031965427631295906
1574,1575,0.00031965427631295906
1575,1576,0.00031965427631295906
1576,1577,0.00031965427631295906
1577,1578,0.00031965427631295906
1578,1579,0.00031965427631295906
1579,1580,0.00031965427631295906
1580,1581,0.00031965427631295906
1581,1582,0.00031965427631295906
1582,1583,0.00031965427631295906
1583,1584,0.00031965427631295906
1584,1585,0.00031965427631295906
1585,1586,0.00031965427631295906
1586,1587,0.00031965427631295906
1587,1588,0.00031965427631295906
1588,1589,0.00031965427631295906
1589,1590,0.00031965427631295906
1590,1591,0.00031965427631295906
1591,1592,0.00031965427631295906
1592,1593,0.00031965427631295906
1593,1594,0.00031965427631295906
1594,1595,0.00031965427631295906
1595,1596,0.00031965427631295906
1596,1597,0.00031965427631295906
1597,1598,0.00031965427631295906
1598,1599,0.00031965427631295906
1599,1600,0.00031965427631295906
1600,1601,0.00031965427631295906
1601,1602,0.00031965427631295906
1602,1603,0.00031965427631295906
1603,1604,0.00031965427631295906
1604,1605,0.00031965427631295906
1605,1606,0.00031965427631295906
1606,1607,0.00031965427631295906
1607,1608,0.00031965427631295906
1608,1609,0.00031965427631295906
1609,1610,0.00031965427631295906
1610,1611,0.00031965427631295906
1611,1612,0.00031965427631295906
1612,1613,0.00031965427631295906
1613,1614,0.00031965427631295906
1614,1615,0.00031965427631295906
1615,1616,0.00031965427631295906
1616,1617,0.00031965427631295906
1617,1618,0.00031965427631295906
1618,1619,0.00031965427631295906
1619,1620,0.00031965427631295906
1620,1621,0.00031965427631295906
1621,1622,0.00031965427631295906
1622,1623,0.00031965427631295906
1623,1624,0.00031965427631295906
1624,1625,0.00031965427631295906
1625,1626,0.00031965427631295906
1626,1627,0.00031965427631295906
1627,1628,0.00031965427631295906
1628,1629,0.00031965427631295906
1629,1630,0.00031965427631295906
1630,1631,0.00031965427631295906
1631,1632,0.00031965427631295906
1632,1633,0.00031965427631295906
1633,1634,0.00031965427631295906
1634,1635,0.00031965427631295906
1635,1636,0.00031965427631295906
1636,1637,0.00031965427631295906
1637,1638,0.00031965427631295906
1638,1639,0.00031965427631295906
1639,1640,0.00031965427631295906
1640,1641,0.00031965427631295906
1641,1642,0.00031965427631295906
1642,1643,0.00031965427631295906
1643,1644,0.00031965427631295906
1644,1645,0.00031965427631295906
1645,1646,0.00031965427631295906
1646,1647,0.00031965427631295906
1647,1648,0.00031965427631295906
1648,1649,0.00031965427631295906
1649,1650,0.00031965427631295906
1650,1651,0.00031965427631295906
1651,1652,0.00031965427631295906
1652,1653,0.00031965427631295906
1653,1654,0.00031965427631295906
1654,1655,0.00031965427631295906
1655,1656,0.00031965427631295906
1656,1657,0.00031965427631295906
1657,1658,0.00031965427631295906
1658,1659,0.00031965427631295906
1659,1660,0.00031965427631295906
1660,1661,0.00031965427631295906
1661,1662,0.00031965427631295906
1662,1663,0.00031965427631295906
1663,1664,0.00031965427631295906
1664,1665,0.00031965427631295906
1665,1666,0.00031965427631295906
1666,1667,0.0
1667,1668,0.00015396224690810605
1668,1669,0.00015396224690810605
1669,1670,0.00015396224690810605
1670,1671,0.00015396224690810605
1671,1672,0.00015396224690810605
1672,1673,0.00015396224690810605
1673,1674,0.00015396224690810605
1674,1675,0.00015396224690810605
1675,1676,0.00015396224690810605
1676,1677,0.00015396224690810605
1677,1678,0.00015396224690810605
1678,1679,0.00015396224690810605
1679,1680,0.00015396224690810605
1680,1681,0.0
1681,1682,0.0
1682,1683,0.00015396224690810605
1683,1684,0.0
1684,1685,0.00015396224690810605
1685,1686,0.0
1686,1687,0.00015396224690810605
1687,1688,0.0
1688,1689,0.00015396224690810605
1689,1690,0.00015396224690810605
1690,1691,0.00015396224690810605
1691,1692,0.00015396224690810605
1692,1693,0.00015396224690810605
1693,1694,0.00015396224690810605
1694,1695,0.00015396224690810605
1695,1696,0.00015396224690810605
1696,1697,0.0
1697,1698,0.00015396224690810605
1698,1699,0.00015396224690810605
1699,1700,0.00015396224690810605
1700,1701,0.00015396224690810605
1701,1702,0.00015396224690810605
1702,1703,0.00015396224690810605
1703,1704,0.00015396224690810605
1704,1705,0.00015396224690810605
1705,1706,0.00015396224690810605
1706,1707,0.00015396224690810605
1707,1708,0.00015396224690810605
1708,1709,0.00015396224690810605
1709,1710,0.00015396224690810605
1710,1711,0.00015396224690810605
1711,1712,0.00015396224690810605
1712,1713,0.00015396224690810605
1713,1714,0.00015396224690810605
1714,1715,0.00015396224690810605
1715,1716,0.00015396224690810605
1716,1717,0.00015396224690810605
1717,1718,0.00015396224690810605
1718,1719,0.0
1719,1720,0.00015396224690810605
1720,1721,0.00015396224690810605
1721,1722,0.00015396224690810605
1722,1723,0.00015396224690810605
1723,1724,0.00015396224690810605
1724,1725,0.00015396224690810605
1725,1726,0.00015396224690810605
1726,1727,0.00015396224690810605
1727,1728,0.00015396224690810605
1728,1729,0.00015396224690810605
1729,1730,0.00015396224690810605
1730,1731,0.00015396224690810605
1731,1732,0.00015396224690810605
1732,1733,0.00015396224690810605
1733,1734,0.00015396224690810605
1734,1735,0.00015396224690810605
1735,1736,0.00015396224690810605
1736,1737,0.00015396224690810605
1737,1738,0.00015396224690810605
1738,1739,0.00015396224690810605
1739,1740,0.00015396224690810605
1740,1741,0.00015396224690810605
1741,1742,0.00015396224690810605
1742,1743,0.00015396224690810605
1743,1744,0.00015396224690810605
1744,1745,0.00015396224690810605
1745,1746,0.00015396224690810605
1746,1747,0.00015396224690810605
1747,1748,0.00015396224690810605
1748,1749,0.00015396224690810605
1749,1750,0.00015396224690810605
1750,1751,0.00015396224690810605
1751,1752,0.00015396224690810605
1752,1753,0.00015396224690810605
1753,1754,0.00015396224690810605
1754,1755,0.00015396224690810605
1755,1756,0.00015396224690810605
1756,1757,0.00015396224690810605
1757,1758,0.00015396224690810605
1758,1759,0.00015396224690810605
1759,1760,0.00015396224690810605
1760,1761,0.00015396224690810605
1761,1762,0.00015396224690810605
1762,1763,0.00015396224690810605
1763,1764,0.00015396224690810605
1764,1765,0.00015396224690810605
1765,1766,0.00015396224690810605
1766,1767,0.00015396224690810605
1767,1768,0.00015396224690810605
1768,1769,0.00015396224690810605
1769,1770,0.00015396224690810605
1770,1771,0.00015396224690810605
1771,1772,0.00015396224690810605
1772,1773,0.00015396224690810605
1773,1774,0.00015396224690810605
1774,1775,0.00015396224690810605
1775,1776,0.00015396224690810605
1776,1777,0.00015396224690810605
1777,1778,0.00015396224690810605
1778,1779,0.00015396224690810605
1779,1780,0.00015396224690810605
1780,1781,0.00015396224690810605
1781,1782,0.00015396224690810605
1782,1783,0.00015396224690810605
1783,1784,0.00015396224690810605
1784,1785,0.00015396224690810605
1785,1786,0.00015396224690810605
1786,1787,0.00015396224690810605
1787,1788,0.00015396224690810605
1788,1789,0.00015396224690810605
1789,1790,0.00015396224690810605
1790,1791,0.00015396224690810605
1791,1792,0.00015396224690810605
1792,1793,0.00015396224690810605
1793,1794,0.00015396224690810605
1794,1795,0.00015396224690810605
1795,1796,0.00015396224690810605
1796,1797,0.00015396224690810605
1797,1798,0.00015396224690810605
1798,1799,0.00015396224690810605
1799,1800,0.00015396224690810605
1800,1801,0.00015396224690810605
1801,1802,0.00015396224690810605
1802,1803,0.00015396224690810605
1803,1804,0.00015396224690810605
1804,1805,0.00015396224690810605
1805,1806,0.00015396224690810605
1806,1807,0.00015396224690810605
1807,1808,0.00015396224690810605
1808,1809,0.00015396224690810605
1809,1810,0.00015396224690810605
1810,1811,0.00015396224690810605
1811,1812,0.00015396224690810605
1812,1813,0.00015396224690810605
1813,1814,0.00015396224690810605
1814,1815,0.00010907513260708744
1815,1816,0.00015396224690810605
1816,1817,0.00015396224690810605
1817,1818,0.00015396224690810605
1818,1819,0.00015396224690810605
1819,1820,0.00015396224690810605
1820,1821,0.00015396224690810605
1821,1822,0.00015396224690810605
1822,1823,0.00015396224690810605
1823,1824,0.00015396224690810605
1824,1825,0.00015396224690810605
1825,1826,0.00015396224690810605
1826,1827,0.00015396224690810605
1827,1828,0.00015396224690810605
1828,1829,0.00015396224690810605
1829,1830,0.00015396224690810605
1830,1831,0.00015396224690810605
1831,1832,0.00015396224690810605
1832,1833,0.00015396224690810605
1833,1834,0.00015396224690810605
1834,1835,0.00015396224690810605
1835,1836,0.00015396224690810605
1836,1837,0.00015396224690810605
1837,1838,0.00015396224690810605
1838,1839,0.00015396224690810605
1839,1840,0.00015396224690810605
1840,1841,0.00015396224690810605
1841,1842,0.00015396224690810605
1842,1843,0.00015396224690810605
1843,1844,0.00015396224690810605
1844,1845,0.0001477177664382163
1845,1846,0.00015396224690810605
1846,1847,0.00015396224690810605
1847,1848,0.0
1848,1849,0.00015396224690810605
1849,1850,0.0
1850,1851,0.0
1851,1852,0.00015396224690810605
1852,1853,0.0001477177664382163
1853,1854,0.0001477177664382163
1854,1855,0.0001477177664382163
1855,1856,0.0001477177664382163
1856,1857,0.0001477177664382163
1857,1858,0.0001477177664382163
1858,1859,0.0001477177664382163
1859,1860,0.0001477177664382163
1860,1861,0.0
1861,1862,0.0
1862,1863,0.0
1863,1864,0.0001477177664382163
1864,1865,0.0001477177664382163
1865,1866,0.0001477177664382163
1866,1867,0.0001477177664382163
1867,1868,0.0001477177664382163
1868,1869,0.0001477177664382163
1869,1870,0.0001477177664382163
1870,1871,0.0003374618128766507
1871,1872,0.0003374618128766507
1872,1873,0.0003374618128766507
1873,1874,0.0003374618128766507
1874,1875,0.0003374618128766507
1875,1876,0.0003374618128766507
1876,1877,0.0003374618128766507
1877,1878,0.00015396224690810605
1878,1879,0.00015396224690810605
1879,1880,0.00015396224690810605
1880,1881,0.00015396224690810605
1881,1882,0.00015396224690810605
1882,1883,0.00015396224690810605
1883,1884,0.00015396224690810605
1884,1885,0.00015396224690810605
1885,1886,0.00015396224690810605
1886,1887,0.00010907513260708744
1887,1888,0.00015396224690810605
1888,1889,0.00015396224690810605
1889,1890,0.00015396224690810605
1890,1891,0.00015396224690810605
1891,1892,0.0
1892,1893,0.00015396224690810605
1893,1894,0.0003374618128766507
1894,1895,0.0003374618128766507
1895,1896,0.0003374618128766507
1896,1897,0.0003374618128766507
1897,1898,0.0003374618128766507
1898,1899,0.0003374618128766507
1899,1900,0.0003374618128766507
1900,1901,0.0003374618128766507
1901,1902,0.0003374618128766507
1902,1903,0.0003374618128766507
1903,1904,0.0003374618128766507
1904,1905,0.0003374618128766507
1905,1906,0.0003374618128766507
1906,1907,0.0003374618128766507
1907,1908,0.0003374618128766507
1908,1909,0.0003374618128766507
1909,1910,0.0
1910,1911,0.0
1911,1912,0.0
1912,1913,0.0
1913,1914,0.0
1914,1915,0.0
1915,1916,0.0
1916,1917,0.0
1917,1918,0.0
1918,1919,0.0
1919,1920,0.0
1920,1921,0.0
1921,1922,0.0
1922,1923,0.0
1923,1924,0.0
1924,1925,0.0
1925,1926,0.0003374618128766507
1926,1927,0.0003374618128766507
1927,1928,0.0
1928,1929,0.0003374618128766507
1929,1930,0.0003374618128766507
1930,1931,0.0003374618128766507
1931,1932,0.0003374618128766507
1932,1933,0.0003374618128766507
1933,1934,0.0003374618128766507
1934,1935,0.0003374618128766507
1935,1936,0.0003374618128766507
1936,1937,0.0
1937,1938,0.0
1938,1939,0.0003374618128766507
1939,1940,0.0
1940,1941,0.0
1941,1942,0.0
1942,1943,0.0
1943,1944,0.0
1944,1945,0.0
1945,1946,0.0003374618128766507
1946,1947,0.0
1947,1948,0.0
1948,1949,0.0003374618128766507
1949,1950,0.0
1950,1951,0.0
1951,1952,0.0
1952,1953,0.0
1953,1954,0.0
1954,1955,0.00010907513260708744
1955,1956,0.0
1956,1957,0.0
1957,1958,0.0
1958,1959,0.0
1959,1960,0.00010907513260708744
1960,1961,0.0
1961,1962,0.0
1962,1963,0.0
1963,1964,0.0
1964,1965,0.0
1965,1966,0.0
1966,1967,0.0
1967,1968,0.0
1968,1969,0.0
1969,1970,0.0
1970,1971,0.00010907513260708744
1971,1972,0.0
1972,1973,0.00010907513260708744
1973,1974,0.00010907513260708744
1974,1975,0.00010907513260708744
1975,1976,0.00010907513260708744
1976,1977,0.00010907513260708744
1977,1978,0.00010907513260708744
1978,1979,0.00010907513260708744
1979,1980,0.00010907513260708744
1980,1981,0.00010907513260708744
1981,1982,0.00010907513260708744
1982,1983,0.00010907513260708744
1983,1984,0.00010907513260708744
1984,1985,0.0
1985,1986,0.00010907513260708744
1986,1987,0.0
1987,1988,0.0
1988,1989,0.00010907513260708744
1989,1990,0.00010907513260708744
1990,1991,0.00010907513260708744
1991,1992,0.00010907513260708744
1992,1993,0.00010907513260708744
1993,1994,0.00010907513260708744
1994,1995,0.00010907513260708744
1995,1996,0.00010907513260708744
1996,1997,0.00010907513260708744
1997,1998,0.00010907513260708744
1998,1999,0.00010907513260708744
1999,2000,0.00010907513260708744
2000,2001,0.00010907513260708744
2001,2002,0.00010907513260708744
2002,2003,0.00010907513260708744
2003,2004,0.00010907513260708744
2004,2005,0.00010907513260708744
2005,2006,0.00029213350305253
2006,2007,0.00010907513260708744
2007,2008,0.00010907513260708744
2008,2009,0.00010907513260708744
2009,2010,0.00010907513260708744
2010,2011,0.00010907513260708744
2011,2012,0.00010907513260708744
2012,2013,0.00010907513260708744
2013,2014,0.00010907513260708744
2014,2015,0.0
2015,2016,0.0
2016,2017,0.0
2017,2018,0.00010907513260708744
2018,2019,0.0
2019,2020,0.0
2020,2021,0.0
2021,2022,0.00010907513260708744
2022,2023,0.0
2023,2024,0.0
2024,2025,0.00010907513260708744
2025,2026,0.00010907513260708744
2026,2027,0.0
2027,2028,0.00010907513260708744
2028,2029,0.0
2029,2030,0.0
2030,2031,0.00010907513260708744
2031,2032,0.0
2032,2033,0.0
2033,2034,0.00010907513260708744
2034,2035,0.00010907513260708744
2035,2036,0.00010907513260708744
2036,2037,0.00010907513260708744
2037,2038,0.00010907513260708744
2038,2039,0.00010907513260708744
2039,2040,0.00010907513260708744
2040,2041,0.00010907513260708744
2041,2042,0.00010907513260708744
2042,2043,0.0
2043,2044,0.00010907513260708744
2044,2045,0.0
2045,2046,0.0
2046,2047,0.0
2047,2048,0.0
2048,2049,0.00010907513260708744
2049,2050,0.00010907513260708744
2050,2051,0.00010907513260708744
2051,2052,0.00010907513260708744
2052,2053,0.0
2053,2054,0.0
2054,2055,0.0
2055,2056,0.0
2056,2057,0.0
2057,2058,0.00010907513260708744
2058,2059,0.00010907513260708744
2059,2060,0.00010907513260708744
2060,2061,0.00010907513260708744
2061,2062,0.00010907513260708744
2062,2063,0.00010907513260708744
2063,2064,0.00010907513260708744
2064,2065,0.00010907513260708744
2065,2066,0.0
2066,2067,0.0
2067,2068,0.00010907513260708744
2068,2069,0.00010907513260708744
2069,2070,0.00010907513260708744
2070,2071,0.00010907513260708744
2071,2072,0.00010907513260708744
2072,2073,0.00010907513260708744
2073,2074,0.00010907513260708744
2074,2075,0.00010907513260708744
2075,2076,0.00010907513260708744
2076,2077,0.00010907513260708744
2077,2078,0.00010907513260708744
2078,2079,0.00010907513260708744
2079,2080,0.00010907513260708744
2080,2081,0.00010907513260708744
2081,2082,0.00010907513260708744
2082,2083,0.00010907513260708744
2083,2084,0.00010907513260708744
2084,2085,0.00010907513260708744
2085,2086,0.00010907513260708744
2086,2087,0.00010907513260708744
2087,2088,0.0
2088,2089,0.00010907513260708744
2089,2090,0.0
2090,2091,0.0
2091,2092,0.0003374618128766507
2092,2093,0.0
2093,2094,0.00010907513260708744
2094,2095,0.0003374618128766507
2095,2096,0.0
2096,2097,0.00010907513260708744
2097,2098,0.00010907513260708744
2098,2099,0.0
2099,2100,0.0
2100,2101,0.0
2101,2102,0.0
2102,2103,0.0
2103,2104,0.0
2104,2105,0.0
2105,2106,0.0
2106,2107,0.0
2107,2108,0.0
2108,2109,0.0
2109,2110,0.0
2110,2111,0.0
2111,2112,0.0002049913911602095
2112,2113,0.0
2113,2114,0.0
2114,2115,0.0
2115,2116,0.0
2116,2117,0.00029213350305253
2117,2118,0.00029213350305253
2118,2119,0.00029213350305253
2119,2120,0.00029213350305253
2120,2121,0.00029213350305253
2121,2122,0.00029213350305253
2122,2123,0.00029213350305253
2123,2124,0.00029213350305253
2124,2125,0.00029213350305253
2125,2126,0.00029213350305253
2126,2127,0.0
2127,2128,0.0
2128,2129,0.00029213350305253
2129,2130,0.00029213350305253
2130,2131,0.00029213350305253
2131,2132,0.00029213350305253
2132,2133,0.00029213350305253
2133,2134,0.00029213350305253
2134,2135,0.00029213350305253
2135,2136,0.00029213350305253
2136,2137,0.00029213350305253
2137,2138,0.00029213350305253
2138,2139,0.00029213350305253
2139,2140,0.00029213350305253
2140,2141,0.00029213350305253
2141,2142,0.00029213350305253
2142,2143,0.00029213350305253
2143,2144,0.00029213350305253
2144,2145,0.00029213350305253
2145,2146,0.00029213350305253
2146,2147,0.00029213350305253
2147,2148,0.00029213350305253
2148,2149,0.00029213350305253
2149,2150,0.00029213350305253
2150,2151,0.00029213350305253
2151,2152,0.00032367064258661
2152,2153,0.00032367064258661
2153,2154,0.0
2154,2155,0.0
2155,2156,0.00032367064258661
2156,2157,0.00032367064258661
2157,2158,0.00032367064258661
2158,2159,0.00032367064258661
2159,2160,0.00032367064258661
2160,2161,0.0002049913911602095
2161,2162,0.0002049913911602095
2162,2163,0.0
2163,2164,0.0003374618128766507
2164,2165,0.0
2165,2166,0.0
2166,2167,0.0002049913911602095
2167,2168,0.0002049913911602095
2168,2169,0.0002049913911602095
2169,2170,0.0002049913911602095
2170,2171,0.0002049913911602095
2171,2172,0.0002049913911602095
2172,2173,0.0002049913911602095
2173,2174,0.0002049913911602095
2174,2175,0.0002049913911602095
2175,2176,0.0002049913911602095
2176,2177,0.0002049913911602095
2177,2178,0.0002049913911602095
2178,2179,0.0002049913911602095
2179,2180,0.0002049913911602095
2180,2181,0.0003374618128766507
2181,2182,0.0003374618128766507
2182,2183,0.0003374618128766507
2183,2184,0.0003374618128766507
2184,2185,0.0003374618128766507
2185,2186,0.0003374618128766507
2186,2187,0.0003374618128766507
2187,2188,0.0003374618128766507
2188,2189,0.0003374618128766507
2189,2190,0.0
2190,2191,0.0002049913911602095
2191,2192,0.0003374618128766507
2192,2193,0.0
2193,2194,0.0002049913911602095
2194,2195,0.0002049913911602095
2195,2196,0.0003374618128766507
2196,2197,0.0003374618128766507
2197,2198,0.0003374618128766507
2198,2199,0.0003374618128766507
2199,2200,0.0
2200,2201,0.0003374618128766507
2201,2202,0.0003374618128766507
2202,2203,0.0003374618128766507
2203,2204,0.0003374618128766507
2204,2205,0.0003374618128766507
2205,2206,0.0003374618128766507
2206,2207,0.0003374618128766507
2207,2208,0.0003374618128766507
2208,2209,0.0003374618128766507
2209,2210,0.0003374618128766507
2210,2211,0.0003374618128766507
2211,2212,0.0003374618128766507
2212,2213,0.0003374618128766507
2213,2214,0.0003374618128766507
2214,2215,0.0003374618128766507
2215,2216,0.0003374618128766507
2216,2217,0.0003374618128766507
2217,2218,0.0
2218,2219,0.0003374618128766507
2219,2220,0.0
2220,2221,0.0
2221,2222,0.0
2222,2223,0.0
2223,2224,0.0
2224,2225,0.0
2225,2226,0.0
2226,2227,0.0
2227,2228,0.0
2228,2229,0.0
2229,2230,0.0001477177664382163
2230,2231,0.0
2231,2232,0.0
2232,2233,0.0001477177664382163
2233,2234,0.0
2234,2235,0.0001477177664382163
2235,2236,0.0001477177664382163
2236,2237,0.0001477177664382163
2237,2238,0.0001477177664382163
2238,2239,0.0001477177664382163
2239,2240,0.0
2240,2241,0.0
2241,2242,0.0
2242,2243,0.0
2243,2244,0.0001477177664382163
2244,2245,0.0001477177664382163
2245,2246,0.0001477177664382163
2246,2247,0.0001477177664382163
2247,2248,0.0
2248,2249,0.0
2249,2250,0.0
2250,2251,0.0001477177664382163
2251,2252,0.0001477177664382163
2252,2253,0.0001477177664382163
2253,2254,0.0001477177664382163
2254,2255,0.0001477177664382163
2255,2256,0.0001477177664382163
2256,2257,0.0001477177664382163
2257,2258,0.0001477177664382163
2258,2259,0.0001477177664382163
2259,2260,0.0001477177664382163
2260,2261,0.0001477177664382163
2261,2262,0.0001477177664382163
2262,2263,0.0001477177664382163
2263,2264,0.0001477177664382163
2264,2265,0.0001477177664382163
2265,2266,0.0001477177664382163
2266,2267,0.0001477177664382163
2267,2268,0.0001477177664382163
2268,2269,0.0001477177664382163
2269,2270,0.0001477177664382163
2270,2271,0.0001477177664382163
2271,2272,0.0001477177664382163
2272,2273,0.0001477177664382163
2273,2274,0.0001477177664382163
2274,2275,0.0001477177664382163
2275,2276,0.0001477177664382163
2276,2277,0.0001477177664382163
2277,2278,0.0001477177664382163
2278,2279,0.0001477177664382163
2279,2280,0.0001477177664382163
2280,2281,0.0001477177664382163
2281,2282,0.0001477177664382163
2282,2283,0.0001477177664382163
2283,2284,0.0001477177664382163
2284,2285,0.0001477177664382163
2285,2286,0.0001477177664382163
2286,2287,0.0001477177664382163
2287,2288,0.0001477177664382163
2288,2289,0.0001477177664382163
2289,2290,0.0001477177664382163
2290,2291,0.00015396224690810605
2291,2292,0.00015396224690810605
2292,2293,0.00015396224690810605
2293,2294,0.00015396224690810605
2294,2295,0.00015396224690810605
2295,2296,0.00015396224690810605
2296,2297,0.00015396224690810605
2297,2298,0.0001477177664382163
2298,2299,0.00010907513260708744
2299,2300,0.00010907513260708744
2300,2301,0.00010907513260708744
2301,2302,0.00010907513260708744
2302,2303,0.00010907513260708744
2303,2304,0.00010907513260708744
2304,2305,0.00010907513260708744
2305,2306,0.00010907513260708744
2306,2307,0.00010907513260708744
2307,2308,0.00010907513260708744
2308,2309,0.00010907513260708744
2309,2310,0.00010907513260708744
2310,2311,0.00010907513260708744
2311,2312,0.00010907513260708744
2312,2313,0.0002049913911602095
2313,2314,0.00029213350305253
2314,2315,0.00029213350305253
2315,2316,0.00029213350305253
2316,2317,0.00032367064258661
2317,2318,0.00032367064258661
2318,2319,0.0002049913911602095
2319,2320,0.0002049913911602095
2320,2321,0.0002049913911602095
2321,2322,0.0002049913911602095
2322,2323,0.0003374618128766507
2323,2324,0.0003374618128766507
2324,2325,0.0003374618128766507
2325,2326,0.0002049913911602095
2326,2327,0.0003374618128766507
2327,2328,0.0003374618128766507
2328,2329,0.0003374618128766507
2329,2330,0.0003374618128766507
2330,2331,0.0003374618128766507
2331,2332,0.0003374618128766507
2332,2333,0.0003374618128766507
2333,2334,0.0001477177664382163
2334,2335,0.00015396224690810605
2335,2336,0.00015396224690810605
2336,2337,0.00015396224690810605
2337,2338,0.00015396224690810605
2338,2339,0.00015396224690810605
2339,2340,0.00015396224690810605
2340,2341,0.00015396224690810605
2341,2342,0.00015396224690810605
2342,2343,0.00015396224690810605
2343,2344,0.00015396224690810605
2344,2345,0.00015396224690810605
2345,2346,0.00015396224690810605
2346,2347,0.00015396224690810605
2347,2348,0.00015396224690810605
2348,2349,0.00015396224690810605
2349,2350,0.00015396224690810605
2350,2351,0.0
2351,2352,0.0002049913911602095
2352,2353,0.0001477177664382163
2353,2354,0.00031023167082502455
2354,2355,0.00031023167082502455
2355,2356,0.00031023167082502455
2356,2357,0.00031023167082502455
2357,2358,0.00031023167082502455
2358,2359,0.00031023167082502455
2359,2360,0.00031023167082502455
2360,2361,0.00031023167082502455
2361,2362,0.00031023167082502455
2362,2363,0.00031023167082502455
2363,2364,0.00031023167082502455
2364,2365,0.00031023167082502455
2365,2366,0.00031023167082502455
2366,2367,0.00031023167082502455
2367,2368,0.00031023167082502455
2368,2369,0.00031023167082502455
2369,2370,0.00031023167082502455
2370,2371,0.00031023167082502455
2371,2372,0.00031023167082502455
2372,2373,0.00031023167082502455
2373,2374,0.00031023167082502455
2374,2375,0.00031023167082502455
2375,2376,0.00031023167082502455
2376,2377,0.00031023167082502455
2377,2378,0.00031023167082502455
2378,2379,0.00031023167082502455
2379,2380,0.00031023167082502455
2380,2381,0.00031023167082502455
2381,2382,0.00031023167082502455
2382,2383,0.00031023167082502455
2383,2384,0.00031023167082502455
2384,2385,0.00031023167082502455
2385,2386,0.00031023167082502455
2386,2387,0.00031023167082502455
2387,2388,0.00031023167082502455
2388,2389,0.00031023167082502455
2389,2390,0.00031023167082502455
2390,2391,0.00031023167082502455
2391,2392,0.00031023167082502455
2392,2393,0.00031023167082502455
2393,2394,0.00031023167082502455
2394,2395,0.00031023167082502455
2395,2396,0.00031023167082502455
2396,2397,0.00031023167082502455
2397,2398,0.00031023167082502455
2398,2399,0.00031023167082502455
2399,2400,0.00031023167082502455
2400,2401,0.00031023167082502455
2401,2402,0.00031023167082502455
2402,2403,0.00031023167082502455
2403,2404,0.00031023167082502455
2404,2405,0.00031023167082502455
2405,2406,0.00031023167082502455
2406,2407,0.00031023167082502455
2407,2408,0.00031023167082502455
2408,2409,0.00031023167082502455
2409,2410,0.00031023167082502455
2410,2411,0.00031023167082502455
2411,2412,0.00031023167082502455
2412,2413,0.00031023167082502455
2413,2414,0.00031023167082502455
2414,2415,0.00031023167082502455
2415,2416,0.00031023167082502455
2416,2417,0.00031023167082502455
2417,2418,0.00031023167082502455
2418,2419,0.00031023167082502455
2419,2420,0.00031023167082502455
2420,2421,0.00031023167082502455
2421,2422,0.00031023167082502455
2422,2423,0.00031023167082502455
2423,2424,0.00031023167082502455
2424,2425,0.00031023167082502455
2425,2426,0.00031023167082502455
2426,2427,0.00031023167082502455
2427,2428,0.00031023167082502455
2428,2429,0.00031023167082502455
2429,2430,0.00031023167082502455
2430,2431,0.00031023167082502455
2431,2432,0.00031023167082502455
2432,2433,0.00031023167082502455
2433,2434,0.00031023167082502455
2434,2435,0.00031023167082502455
2435,2436,0.00031023167082502455
2436,2437,0.00031023167082502455
2437,2438,0.00031023167082502455
2438,2439,0.00031023167082502455
2439,2440,0.00031023167082502455
2440,2441,0.00031023167082502455
2441,2442,0.00031023167082502455
2442,2443,0.00031023167082502455
2443,2444,0.00031023167082502455
2444,2445,0.0
2445,2446,0.00031023167082502455
2446,2447,0.00031023167082502455
2447,2448,0.00031023167082502455
2448,2449,0.00031023167082502455
2449,2450,0.0
2450,2451,0.0005685117969735826
2451,2452,0.0005685117969735826
2452,2453,0.0005685117969735826
2453,2454,0.0005685117969735826
2454,2455,0.0005685117969735826
2455,2456,0.0005685117969735826
2456,2457,0.0005685117969735826
2457,2458,0.00031023167082502455
2458,2459,0.00031023167082502455
2459,2460,0.00031023167082502455
2460,2461,0.00031023167082502455
2461,2462,0.00031023167082502455
2462,2463,0.0005685117969735826
2463,2464,0.0005685117969735826
2464,2465,0.0005685117969735826
2465,2466,0.0005685117969735826
2466,2467,0.0005685117969735826
2467,2468,0.0005685117969735826
2468,2469,0.0005685117969735826
2469,2470,0.0005685117969735826
2470,2471,0.0005685117969735826
2471,2472,0.0005685117969735826
2472,2473,0.0005685117969735826
2473,2474,0.0005685117969735826
2474,2475,0.0005685117969735826
2475,2476,0.0005685117969735826
2476,2477,0.0005685117969735826
2477,2478,0.0005685117969735826
2478,2479,0.0005685117969735826
2479,2480,0.0005685117969735826
2480,2481,0.0005685117969735826
2481,2482,0.0005685117969735826
2482,2483,0.0005685117969735826
2483,2484,0.0005685117969735826
2484,2485,0.0005685117969735826
2485,2486,0.0005685117969735826
2486,2487,0.0005685117969735826
2487,2488,0.0005685117969735826
2488,2489,0.0005685117969735826
2489,2490,0.0005685117969735826
2490,2491,0.0005685117969735826
2491,2492,0.0005685117969735826
2492,2493,0.0005685117969735826
2493,2494,0.0005685117969735826
2494,2495,0.0005685117969735826
2495,2496,0.0005685117969735826
2496,2497,0.0005685117969735826
2497,2498,0.0005685117969735826
2498,2499,0.0005685117969735826
2499,2500,0.0005685117969735826
2500,2501,0.0005685117969735826
2501,2502,0.0005685117969735826
2502,2503,0.0005685117969735826
2503,2504,0.0005685117969735826
2504,2505,0.0005685117969735826
2505,2506,0.0005685117969735826
2506,2507,0.00031023167082502455
2507,2508,0.00031023167082502455
2508,2509,0.0005685117969735826
2509,2510,0.0005685117969735826
2510,2511,0.0005685117969735826
2511,2512,0.00031023167082502455
2512,2513,0.00031023167082502455
2513,2514,0.00031023167082502455
2514,2515,0.00031023167082502455
2515,2516,0.00031023167082502455
2516,2517,0.00031023167082502455
2517,2518,0.00031023167082502455
2518,2519,0.00031023167082502455
2519,2520,0.00031023167082502455
2520,2521,0.00031023167082502455
2521,2522,0.00031023167082502455
2522,2523,0.00031023167082502455
2523,2524,0.00031023167082502455
2524,2525,0.00031023167082502455
2525,2526,0.00031023167082502455
2526,2527,0.0005685117969735826
2527,2528,0.0005685117969735826
2528,2529,0.0005685117969735826
2529,2530,0.0005685117969735826
2530,2531,0.0005685117969735826
2531,2532,0.0005685117969735826
2532,2533,0.0005685117969735826
2533,2534,0.00031023167082502455
2534,2535,0.00031023167082502455
2535,2536,0.00031023167082502455
2536,2537,0.00031023167082502455
2537,2538,0.00031023167082502455
2538,2539,0.00031023167082502455
2539,2540,0.00031023167082502455
2540,2541,0.00031023167082502455
2541,2542,0.00031023167082502455
2542,2543,0.00031023167082502455
2543,2544,0.00031023167082502455
2544,2545,9.369410591858524e-05
2545,2546,0.00031023167082502455
2546,2547,0.00031023167082502455
2547,2548,0.0
2548,2549,0.0
2549,2550,0.0
2550,2551,0.0
2551,2552,9.369410591858524e-05
2552,2553,9.369410591858524e-05
2553,2554,0.00031023167082502455
2554,2555,0.00031023167082502455
2555,2556,9.369410591858524e-05
2556,2557,9.369410591858524e-05
2557,2558,9.369410591858524e-05
2558,2559,9.369410591858524e-05
2559,2560,9.369410591858524e-05
2560,2561,9.369410591858524e-05
2561,2562,9.369410591858524e-05
2562,2563,9.369410591858524e-05
2563,2564,0.0005685117969735826
2564,2565,0.0005685117969735826
2565,2566,0.00031023167082502455
2566,2567,0.0
2567,2568,0.00031023167082502455
2568,2569,0.00031023167082502455
2569,2570,0.00031023167082502455
2570,2571,0.0005685117969735826
2571,2572,0.00031023167082502455
2572,2573,0.00031023167082502455
2573,2574,0.0005685117969735826
2574,2575,0.0005685117969735826
2575,2576,0.0005685117969735826
2576,2577,0.0005685117969735826
2577,2578,0.0005685117969735826
2578,2579,0.0005685117969735826
2579,2580,0.0005685117969735826
2580,2581,0.0005685117969735826
2581,2582,0.0005685117969735826
2582,2583,0.0005685117969735826
2583,2584,0.0005685117969735826
2584,2585,0.0005685117969735826
2585,2586,0.0005685117969735826
2586,2587,0.0005685117969735826
2587,2588,0.0005685117969735826
2588,2589,0.00031023167082502455
2589,2590,0.00031023167082502455
2590,2591,0.00031023167082502455
2591,2592,0.00031023167082502455
2592,2593,0.00031023167082502455
2593,2594,0.00031023167082502455
2594,2595,0.0005685117969735826
2595,2596,0.00031023167082502455
2596,2597,0.00031023167082502455
2597,2598,0.00031023167082502455
2598,2599,0.00031023167082502455
2599,2600,0.00031023167082502455
2600,2601,0.00031023167082502455
2601,2602,0.00031023167082502455
2602,2603,0.00031023167082502455
2603,2604,0.00031023167082502455
2604,2605,0.00031023167082502455
2605,2606,0.00031023167082502455
2606,2607,0.00031023167082502455
2607,2608,0.00031023167082502455
2608,2609,0.00031023167082502455
2609,2610,0.0005685117969735826
2610,2611,0.0005685117969735826
2611,2612,0.0005685117969735826
2612,2613,0.00031023167082502455
2613,2614,0.00031023167082502455
2614,2615,0.00031023167082502455
2615,2616,0.00031023167082502455
2616,2617,0.0005685117969735826
2617,2618,0.00031965427631295906
2618,2619,0.00031023167082502455
2619,2620,0.00031023167082502455
2620,2621,0.00031023167082502455
2621,2622,0.00031023167082502455
2622,2623,0.00031023167082502455
2623,2624,0.00048433955968261023
2624,2625,0.0005685117969735826
2625,2626,0.0
2626,2627,0.0
2627,2628,0.0
2628,2629,0.00031023167082502455
2629,2630,0.00031023167082502455
